id,image_path,mask_path,image_name,mask_name,source,mask_ratio,height,width
001,/kaggle/input/competitions/data-science-ara-7-0/dataset/dataset/train/images/train_001.jpg,/kaggle/input/competitions/data-science-ara-7-0/dataset/dataset/train/mask/mask_001.png,train_001.jpg,mask_001.png,ara,0.1514332257293161,2296,4080
002,/kaggle/input/competitions/data-science-ara-7-0/dataset/dataset/train/images/train_002.jpg,/kaggle/input/competitions/data-science-ara-7-0/dataset/dataset/train/mask/mask_002.png,train_002.jpg,mask_002.png,ara,0.19831404320987656,720,720
003,/kaggle/input/competitions/data-science-ara-7-0/dataset/dataset/train/images/train_003.jpg,/kaggle/input/competitions/data-science-ara-7-0/dataset/dataset/train/mask/mask_003.png,train_003.jpg,mask_003.png,ara,0.2001485339506173,720,720
004,/kaggle/input/competitions/data-science-ara-7-0/dataset/dataset/train/images/train_004.jpg,/kaggle/input/competitions/data-science-ara-7-0/dataset/dataset/train/mask/mask_004.png,train_004.jpg,mask_004.png,ara,0.0330125,400,600
005,/kaggle/input/competitions/data-science-ara-7-0/dataset/dataset/train/images/train_005.jpg,/kaggle/input/competitions/data-science-ara-7-0/dataset/dataset/train/mask/mask_005.png,train_005.jpg,mask_005.png,ara,0.21113011587771202,312,416
006,/kaggle/input/competitions/data-science-ara-7-0/dataset/dataset/train/images/train_006.jpg,/kaggle/input/competitions/data-science-ara-7-0/dataset/dataset/train/mask/mask_006.png,train_006.jpg,mask_006.png,ara,0.21338734567901235,720,720
007,/kaggle/input/competitions/data-science-ara-7-0/dataset/dataset/train/images/train_007.jpg,/kaggle/input/competitions/data-science-ara-7-0/dataset/dataset/train/mask/mask_007.png,train_007.jpg,mask_007.png,ara,0.23986666666666667,225,400
008,/kaggle/input/competitions/data-science-ara-7-0/dataset/dataset/train/images/train_008.jpg,/kaggle/input/competitions/data-science-ara-7-0/dataset/dataset/train/mask/mask_008.png,train_008.jpg,mask_008.png,ara,0.12567191666666666,4000,3000
009,/kaggle/input/competitions/data-science-ara-7-0/dataset/dataset/train/images/train_009.jpg,/kaggle/input/competitions/data-science-ara-7-0/dataset/dataset/train/mask/mask_009.png,train_009.jpg,mask_009.png,ara,0.17736574476001488,733,1100
010,/kaggle/input/competitions/data-science-ara-7-0/dataset/dataset/train/images/train_010.jpg,/kaggle/input/competitions/data-science-ara-7-0/dataset/dataset/train/mask/mask_010.png,train_010.jpg,mask_010.png,ara,0.3024608604536489,312,416
011,/kaggle/input/competitions/data-science-ara-7-0/dataset/dataset/train/images/train_011.jpg,/kaggle/input/competitions/data-science-ara-7-0/dataset/dataset/train/mask/mask_011.png,train_011.jpg,mask_011.png,ara,0.23804444444444445,300,225
012,/kaggle/input/competitions/data-science-ara-7-0/dataset/dataset/train/images/train_012.jpg,/kaggle/input/competitions/data-science-ara-7-0/dataset/dataset/train/mask/mask_012.png,train_012.jpg,mask_012.png,ara,0.04490315273668639,4160,3120
013,/kaggle/input/competitions/data-science-ara-7-0/dataset/dataset/train/images/train_013.jpg,/kaggle/input/competitions/data-science-ara-7-0/dataset/dataset/train/mask/mask_013.png,train_013.jpg,mask_013.png,ara,0.06942492603550296,260,416
014,/kaggle/input/competitions/data-science-ara-7-0/dataset/dataset/train/images/train_014.jpg,/kaggle/input/competitions/data-science-ara-7-0/dataset/dataset/train/mask/mask_014.png,train_014.jpg,mask_014.png,ara,0.10457744360902256,665,1000
015,/kaggle/input/competitions/data-science-ara-7-0/dataset/dataset/train/images/train_015.jpg,/kaggle/input/competitions/data-science-ara-7-0/dataset/dataset/train/mask/mask_015.png,train_015.jpg,mask_015.png,ara,0.06554209812623274,4160,3120
016,/kaggle/input/competitions/data-science-ara-7-0/dataset/dataset/train/images/train_016.jpg,/kaggle/input/competitions/data-science-ara-7-0/dataset/dataset/train/mask/mask_016.png,train_016.jpg,mask_016.png,ara,0.6740054473423572,233,416
017,/kaggle/input/competitions/data-science-ara-7-0/dataset/dataset/train/images/train_017.jpg,/kaggle/input/competitions/data-science-ara-7-0/dataset/dataset/train/mask/mask_017.png,train_017.jpg,mask_017.png,ara,0.05786844135802469,720,720
018,/kaggle/input/competitions/data-science-ara-7-0/dataset/dataset/train/images/train_018.jpg,/kaggle/input/competitions/data-science-ara-7-0/dataset/dataset/train/mask/mask_018.png,train_018.jpg,mask_018.png,ara,0.20619020061728396,720,720
019,/kaggle/input/competitions/data-science-ara-7-0/dataset/dataset/train/images/train_019.jpg,/kaggle/input/competitions/data-science-ara-7-0/dataset/dataset/train/mask/mask_019.png,train_019.jpg,mask_019.png,ara,0.308363964218254,1388,2287
020,/kaggle/input/competitions/data-science-ara-7-0/dataset/dataset/train/images/train_020.jpg,/kaggle/input/competitions/data-science-ara-7-0/dataset/dataset/train/mask/mask_020.png,train_020.jpg,mask_020.png,ara,0.0029265122873345937,2760,3680
021,/kaggle/input/competitions/data-science-ara-7-0/dataset/dataset/train/images/train_021.jpg,/kaggle/input/competitions/data-science-ara-7-0/dataset/dataset/train/mask/mask_021.png,train_021.jpg,mask_021.png,ara,0.04510416666666667,720,720
022,/kaggle/input/competitions/data-science-ara-7-0/dataset/dataset/train/images/train_022.jpg,/kaggle/input/competitions/data-science-ara-7-0/dataset/dataset/train/mask/mask_022.png,train_022.jpg,mask_022.png,ara,0.21384825036809624,274,466
023,/kaggle/input/competitions/data-science-ara-7-0/dataset/dataset/train/images/train_023.jpg,/kaggle/input/competitions/data-science-ara-7-0/dataset/dataset/train/mask/mask_023.png,train_023.jpg,mask_023.png,ara,0.2413631040433925,312,416
024,/kaggle/input/competitions/data-science-ara-7-0/dataset/dataset/train/images/train_024.jpg,/kaggle/input/competitions/data-science-ara-7-0/dataset/dataset/train/mask/mask_024.png,train_024.jpg,mask_024.png,ara,0.1928,300,400
025,/kaggle/input/competitions/data-science-ara-7-0/dataset/dataset/train/images/train_025.jpg,/kaggle/input/competitions/data-science-ara-7-0/dataset/dataset/train/mask/mask_025.png,train_025.jpg,mask_025.png,ara,0.01300525,4000,3000
026,/kaggle/input/competitions/data-science-ara-7-0/dataset/dataset/train/images/train_026.jpg,/kaggle/input/competitions/data-science-ara-7-0/dataset/dataset/train/mask/mask_026.png,train_026.jpg,mask_026.png,ara,0.07378413153353057,4160,3120
027,/kaggle/input/competitions/data-science-ara-7-0/dataset/dataset/train/images/train_027.jpg,/kaggle/input/competitions/data-science-ara-7-0/dataset/dataset/train/mask/mask_027.png,train_027.jpg,mask_027.png,ara,0.5162816660502959,4160,3120
028,/kaggle/input/competitions/data-science-ara-7-0/dataset/dataset/train/images/train_028.jpg,/kaggle/input/competitions/data-science-ara-7-0/dataset/dataset/train/mask/mask_028.png,train_028.jpg,mask_028.png,ara,0.35601497441013186,1441,2560
029,/kaggle/input/competitions/data-science-ara-7-0/dataset/dataset/train/images/train_029.jpg,/kaggle/input/competitions/data-science-ara-7-0/dataset/dataset/train/mask/mask_029.png,train_029.jpg,mask_029.png,ara,0.0117578125,360,640
030,/kaggle/input/competitions/data-science-ara-7-0/dataset/dataset/train/images/train_030.jpg,/kaggle/input/competitions/data-science-ara-7-0/dataset/dataset/train/mask/mask_030.png,train_030.jpg,mask_030.png,ara,0.03288916111932939,4160,3120
031,/kaggle/input/competitions/data-science-ara-7-0/dataset/dataset/train/images/train_031.jpg,/kaggle/input/competitions/data-science-ara-7-0/dataset/dataset/train/mask/mask_031.png,train_031.jpg,mask_031.png,ara,0.640578968903437,235,416
032,/kaggle/input/competitions/data-science-ara-7-0/dataset/dataset/train/images/train_032.jpg,/kaggle/input/competitions/data-science-ara-7-0/dataset/dataset/train/mask/mask_032.png,train_032.jpg,mask_032.png,ara,0.00691940374921235,2760,3680
033,/kaggle/input/competitions/data-science-ara-7-0/dataset/dataset/train/images/train_033.jpg,/kaggle/input/competitions/data-science-ara-7-0/dataset/dataset/train/mask/mask_033.png,train_033.jpg,mask_033.png,ara,0.030404926818094136,4608,3456
034,/kaggle/input/competitions/data-science-ara-7-0/dataset/dataset/train/images/train_034.jpg,/kaggle/input/competitions/data-science-ara-7-0/dataset/dataset/train/mask/mask_034.png,train_034.jpg,mask_034.png,ara,0.0015677181789540012,2760,3680
035,/kaggle/input/competitions/data-science-ara-7-0/dataset/dataset/train/images/train_035.jpg,/kaggle/input/competitions/data-science-ara-7-0/dataset/dataset/train/mask/mask_035.png,train_035.jpg,mask_035.png,ara,0.1401765131903353,4160,3120
036,/kaggle/input/competitions/data-science-ara-7-0/dataset/dataset/train/images/train_036.jpg,/kaggle/input/competitions/data-science-ara-7-0/dataset/dataset/train/mask/mask_036.png,train_036.jpg,mask_036.png,ara,0.2667489977253018,1285,857
037,/kaggle/input/competitions/data-science-ara-7-0/dataset/dataset/train/images/train_037.jpg,/kaggle/input/competitions/data-science-ara-7-0/dataset/dataset/train/mask/mask_037.png,train_037.jpg,mask_037.png,ara,0.33107567443987196,216,324
038,/kaggle/input/competitions/data-science-ara-7-0/dataset/dataset/train/images/train_038.jpg,/kaggle/input/competitions/data-science-ara-7-0/dataset/dataset/train/mask/mask_038.png,train_038.jpg,mask_038.png,ara,0.38163189269746645,244,330
039,/kaggle/input/competitions/data-science-ara-7-0/dataset/dataset/train/images/train_039.jpg,/kaggle/input/competitions/data-science-ara-7-0/dataset/dataset/train/mask/mask_039.png,train_039.jpg,mask_039.png,ara,0.17548611111111112,180,240
040,/kaggle/input/competitions/data-science-ara-7-0/dataset/dataset/train/images/train_040.jpg,/kaggle/input/competitions/data-science-ara-7-0/dataset/dataset/train/mask/mask_040.png,train_040.jpg,mask_040.png,ara,0.17988217768147347,284,416
041,/kaggle/input/competitions/data-science-ara-7-0/dataset/dataset/train/images/train_041.jpg,/kaggle/input/competitions/data-science-ara-7-0/dataset/dataset/train/mask/mask_041.png,train_041.jpg,mask_041.png,ara,0.14733316896778434,234,416
042,/kaggle/input/competitions/data-science-ara-7-0/dataset/dataset/train/images/train_042.jpg,/kaggle/input/competitions/data-science-ara-7-0/dataset/dataset/train/mask/mask_042.png,train_042.jpg,mask_042.png,ara,0.34694053208137715,300,426
043,/kaggle/input/competitions/data-science-ara-7-0/dataset/dataset/train/images/train_043.jpg,/kaggle/input/competitions/data-science-ara-7-0/dataset/dataset/train/mask/mask_043.png,train_043.jpg,mask_043.png,ara,0.15762025,4000,3000
044,/kaggle/input/competitions/data-science-ara-7-0/dataset/dataset/train/images/train_044.jpg,/kaggle/input/competitions/data-science-ara-7-0/dataset/dataset/train/mask/mask_044.png,train_044.jpg,mask_044.png,ara,0.029447115384615384,208,416
045,/kaggle/input/competitions/data-science-ara-7-0/dataset/dataset/train/images/train_045.jpg,/kaggle/input/competitions/data-science-ara-7-0/dataset/dataset/train/mask/mask_045.png,train_045.jpg,mask_045.png,ara,0.04447123089250493,4160,3120
046,/kaggle/input/competitions/data-science-ara-7-0/dataset/dataset/train/images/train_046.jpg,/kaggle/input/competitions/data-science-ara-7-0/dataset/dataset/train/mask/mask_046.png,train_046.jpg,mask_046.png,ara,0.354443413729128,539,1000
047,/kaggle/input/competitions/data-science-ara-7-0/dataset/dataset/train/images/train_047.jpg,/kaggle/input/competitions/data-science-ara-7-0/dataset/dataset/train/mask/mask_047.png,train_047.jpg,mask_047.png,ara,0.039691558441558444,220,280
048,/kaggle/input/competitions/data-science-ara-7-0/dataset/dataset/train/images/train_048.jpg,/kaggle/input/competitions/data-science-ara-7-0/dataset/dataset/train/mask/mask_048.png,train_048.jpg,mask_048.png,ara,0.04674189814814815,720,720
049,/kaggle/input/competitions/data-science-ara-7-0/dataset/dataset/train/images/train_049.jpg,/kaggle/input/competitions/data-science-ara-7-0/dataset/dataset/train/mask/mask_049.png,train_049.jpg,mask_049.png,ara,0.05342881944444444,360,640
050,/kaggle/input/competitions/data-science-ara-7-0/dataset/dataset/train/images/train_050.jpg,/kaggle/input/competitions/data-science-ara-7-0/dataset/dataset/train/mask/mask_050.png,train_050.jpg,mask_050.png,ara,0.04388695987654321,720,720
051,/kaggle/input/competitions/data-science-ara-7-0/dataset/dataset/train/images/train_051.jpg,/kaggle/input/competitions/data-science-ara-7-0/dataset/dataset/train/mask/mask_051.png,train_051.jpg,mask_051.png,ara,0.01885238603988604,216,416
052,/kaggle/input/competitions/data-science-ara-7-0/dataset/dataset/train/images/train_052.jpg,/kaggle/input/competitions/data-science-ara-7-0/dataset/dataset/train/mask/mask_052.png,train_052.jpg,mask_052.png,ara,0.11188524716469428,4160,3120
053,/kaggle/input/competitions/data-science-ara-7-0/dataset/dataset/train/images/train_053.jpg,/kaggle/input/competitions/data-science-ara-7-0/dataset/dataset/train/mask/mask_053.png,train_053.jpg,mask_053.png,ara,0.0976464870869203,277,416
054,/kaggle/input/competitions/data-science-ara-7-0/dataset/dataset/train/images/train_054.jpg,/kaggle/input/competitions/data-science-ara-7-0/dataset/dataset/train/mask/mask_054.png,train_054.jpg,mask_054.png,ara,0.25028148442263787,485,727
055,/kaggle/input/competitions/data-science-ara-7-0/dataset/dataset/train/images/train_055.jpg,/kaggle/input/competitions/data-science-ara-7-0/dataset/dataset/train/mask/mask_055.png,train_055.jpg,mask_055.png,ara,0.05255063765941485,387,620
056,/kaggle/input/competitions/data-science-ara-7-0/dataset/dataset/train/images/train_056.jpg,/kaggle/input/competitions/data-science-ara-7-0/dataset/dataset/train/mask/mask_056.png,train_056.jpg,mask_056.png,ara,0.17579665927021695,4160,3120
057,/kaggle/input/competitions/data-science-ara-7-0/dataset/dataset/train/images/train_057.jpg,/kaggle/input/competitions/data-science-ara-7-0/dataset/dataset/train/mask/mask_057.png,train_057.jpg,mask_057.png,ara,0.14100836370310166,2365,1774
058,/kaggle/input/competitions/data-science-ara-7-0/dataset/dataset/train/images/train_058.jpg,/kaggle/input/competitions/data-science-ara-7-0/dataset/dataset/train/mask/mask_058.png,train_058.jpg,mask_058.png,ara,0.12127866124260354,208,416
059,/kaggle/input/competitions/data-science-ara-7-0/dataset/dataset/train/images/train_059.jpg,/kaggle/input/competitions/data-science-ara-7-0/dataset/dataset/train/mask/mask_059.png,train_059.jpg,mask_059.png,ara,0.09120800176834659,174,416
060,/kaggle/input/competitions/data-science-ara-7-0/dataset/dataset/train/images/train_060.jpg,/kaggle/input/competitions/data-science-ara-7-0/dataset/dataset/train/mask/mask_060.png,train_060.jpg,mask_060.png,ara,0.12875862068965518,667,1000
062,/kaggle/input/competitions/data-science-ara-7-0/dataset/dataset/train/images/train_062.jpg,/kaggle/input/competitions/data-science-ara-7-0/dataset/dataset/train/mask/mask_062.png,train_062.jpg,mask_062.png,ara,0.001267361111111111,360,640
063,/kaggle/input/competitions/data-science-ara-7-0/dataset/dataset/train/images/train_063.jpg,/kaggle/input/competitions/data-science-ara-7-0/dataset/dataset/train/mask/mask_063.png,train_063.jpg,mask_063.png,ara,0.218525,300,400
064,/kaggle/input/competitions/data-science-ara-7-0/dataset/dataset/train/images/train_064.jpg,/kaggle/input/competitions/data-science-ara-7-0/dataset/dataset/train/mask/mask_064.png,train_064.jpg,mask_064.png,ara,0.2168165589551227,522,763
065,/kaggle/input/competitions/data-science-ara-7-0/dataset/dataset/train/images/train_065.jpg,/kaggle/input/competitions/data-science-ara-7-0/dataset/dataset/train/mask/mask_065.png,train_065.jpg,mask_065.png,ara,0.002204861111111111,360,640
066,/kaggle/input/competitions/data-science-ara-7-0/dataset/dataset/train/images/train_066.jpg,/kaggle/input/competitions/data-science-ara-7-0/dataset/dataset/train/mask/mask_066.png,train_066.jpg,mask_066.png,ara,0.18533326206638517,265,353
067,/kaggle/input/competitions/data-science-ara-7-0/dataset/dataset/train/images/train_067.jpg,/kaggle/input/competitions/data-science-ara-7-0/dataset/dataset/train/mask/mask_067.png,train_067.jpg,mask_067.png,ara,0.22078255978796843,4160,3120
068,/kaggle/input/competitions/data-science-ara-7-0/dataset/dataset/train/images/train_068.jpg,/kaggle/input/competitions/data-science-ara-7-0/dataset/dataset/train/mask/mask_068.png,train_068.jpg,mask_068.png,ara,0.0008618856332703213,2760,3680
069,/kaggle/input/competitions/data-science-ara-7-0/dataset/dataset/train/images/train_069.jpg,/kaggle/input/competitions/data-science-ara-7-0/dataset/dataset/train/mask/mask_069.png,train_069.jpg,mask_069.png,ara,0.22494245746056102,563,845
070,/kaggle/input/competitions/data-science-ara-7-0/dataset/dataset/train/images/train_070.jpg,/kaggle/input/competitions/data-science-ara-7-0/dataset/dataset/train/mask/mask_070.png,train_070.jpg,mask_070.png,ara,0.4194320987654321,675,1080
071,/kaggle/input/competitions/data-science-ara-7-0/dataset/dataset/train/images/train_071.jpg,/kaggle/input/competitions/data-science-ara-7-0/dataset/dataset/train/mask/mask_071.png,train_071.jpg,mask_071.png,ara,0.0005764610901071203,2760,3680
072,/kaggle/input/competitions/data-science-ara-7-0/dataset/dataset/train/images/train_072.jpg,/kaggle/input/competitions/data-science-ara-7-0/dataset/dataset/train/mask/mask_072.png,train_072.jpg,mask_072.png,ara,0.29036285077817814,422,634
073,/kaggle/input/competitions/data-science-ara-7-0/dataset/dataset/train/images/train_073.jpg,/kaggle/input/competitions/data-science-ara-7-0/dataset/dataset/train/mask/mask_073.png,train_073.jpg,mask_073.png,ara,0.05212962962962963,720,720
074,/kaggle/input/competitions/data-science-ara-7-0/dataset/dataset/train/images/train_074.jpg,/kaggle/input/competitions/data-science-ara-7-0/dataset/dataset/train/mask/mask_074.png,train_074.jpg,mask_074.png,ara,0.059058147967263094,446,303
075,/kaggle/input/competitions/data-science-ara-7-0/dataset/dataset/train/images/train_075.jpg,/kaggle/input/competitions/data-science-ara-7-0/dataset/dataset/train/mask/mask_075.png,train_075.jpg,mask_075.png,ara,0.002681947069943289,2760,3680
076,/kaggle/input/competitions/data-science-ara-7-0/dataset/dataset/train/images/train_076.jpg,/kaggle/input/competitions/data-science-ara-7-0/dataset/dataset/train/mask/mask_076.png,train_076.jpg,mask_076.png,ara,0.0932421875,360,640
077,/kaggle/input/competitions/data-science-ara-7-0/dataset/dataset/train/images/train_077.jpg,/kaggle/input/competitions/data-science-ara-7-0/dataset/dataset/train/mask/mask_077.png,train_077.jpg,mask_077.png,ara,0.0656306243836292,4160,3120
078,/kaggle/input/competitions/data-science-ara-7-0/dataset/dataset/train/images/train_078.jpg,/kaggle/input/competitions/data-science-ara-7-0/dataset/dataset/train/mask/mask_078.png,train_078.jpg,mask_078.png,ara,0.0846600714990138,4160,3120
079,/kaggle/input/competitions/data-science-ara-7-0/dataset/dataset/train/images/train_079.jpg,/kaggle/input/competitions/data-science-ara-7-0/dataset/dataset/train/mask/mask_079.png,train_079.jpg,mask_079.png,ara,0.00023481805293005671,2760,3680
080,/kaggle/input/competitions/data-science-ara-7-0/dataset/dataset/train/images/train_080.jpg,/kaggle/input/competitions/data-science-ara-7-0/dataset/dataset/train/mask/mask_080.png,train_080.jpg,mask_080.png,ara,0.04640416666666667,800,1200
081,/kaggle/input/competitions/data-science-ara-7-0/dataset/dataset/train/images/train_081.jpg,/kaggle/input/competitions/data-science-ara-7-0/dataset/dataset/train/mask/mask_081.png,train_081.jpg,mask_081.png,ara,0.0874111654388757,599,899
082,/kaggle/input/competitions/data-science-ara-7-0/dataset/dataset/train/images/train_082.jpg,/kaggle/input/competitions/data-science-ara-7-0/dataset/dataset/train/mask/mask_082.png,train_082.jpg,mask_082.png,ara,0.06231508875739645,234,416
083,/kaggle/input/competitions/data-science-ara-7-0/dataset/dataset/train/images/train_083.jpg,/kaggle/input/competitions/data-science-ara-7-0/dataset/dataset/train/mask/mask_083.png,train_083.jpg,mask_083.png,ara,0.08000864248294347,768,1368
084,/kaggle/input/competitions/data-science-ara-7-0/dataset/dataset/train/images/train_084.jpg,/kaggle/input/competitions/data-science-ara-7-0/dataset/dataset/train/mask/mask_084.png,train_084.jpg,mask_084.png,ara,0.009978298611111111,360,640
085,/kaggle/input/competitions/data-science-ara-7-0/dataset/dataset/train/images/train_085.jpg,/kaggle/input/competitions/data-science-ara-7-0/dataset/dataset/train/mask/mask_085.png,train_085.jpg,mask_085.png,ara,0.3622000328731098,234,416
086,/kaggle/input/competitions/data-science-ara-7-0/dataset/dataset/train/images/train_086.jpg,/kaggle/input/competitions/data-science-ara-7-0/dataset/dataset/train/mask/mask_086.png,train_086.jpg,mask_086.png,ara,0.19921170855632456,401,534
087,/kaggle/input/competitions/data-science-ara-7-0/dataset/dataset/train/images/train_087.jpg,/kaggle/input/competitions/data-science-ara-7-0/dataset/dataset/train/mask/mask_087.png,train_087.jpg,mask_087.png,ara,0.009539930555555555,360,640
088,/kaggle/input/competitions/data-science-ara-7-0/dataset/dataset/train/images/train_088.jpg,/kaggle/input/competitions/data-science-ara-7-0/dataset/dataset/train/mask/mask_088.png,train_088.jpg,mask_088.png,ara,0.07479621715732827,243,416
089,/kaggle/input/competitions/data-science-ara-7-0/dataset/dataset/train/images/train_089.jpg,/kaggle/input/competitions/data-science-ara-7-0/dataset/dataset/train/mask/mask_089.png,train_089.jpg,mask_089.png,ara,0.04029513888888889,720,720
090,/kaggle/input/competitions/data-science-ara-7-0/dataset/dataset/train/images/train_090.jpg,/kaggle/input/competitions/data-science-ara-7-0/dataset/dataset/train/mask/mask_090.png,train_090.jpg,mask_090.png,ara,0.1117983865210252,483,725
091,/kaggle/input/competitions/data-science-ara-7-0/dataset/dataset/train/images/train_091.jpg,/kaggle/input/competitions/data-science-ara-7-0/dataset/dataset/train/mask/mask_091.png,train_091.jpg,mask_091.png,ara,0.26845357510288065,1440,1080
092,/kaggle/input/competitions/data-science-ara-7-0/dataset/dataset/train/images/train_092.jpg,/kaggle/input/competitions/data-science-ara-7-0/dataset/dataset/train/mask/mask_092.png,train_092.jpg,mask_092.png,ara,0.03160493827160494,720,720
093,/kaggle/input/competitions/data-science-ara-7-0/dataset/dataset/train/images/train_093.jpg,/kaggle/input/competitions/data-science-ara-7-0/dataset/dataset/train/mask/mask_093.png,train_093.jpg,mask_093.png,ara,0.15518403317781235,360,643
094,/kaggle/input/competitions/data-science-ara-7-0/dataset/dataset/train/images/train_094.jpg,/kaggle/input/competitions/data-science-ara-7-0/dataset/dataset/train/mask/mask_094.png,train_094.jpg,mask_094.png,ara,0.14816957398837072,636,1272
095,/kaggle/input/competitions/data-science-ara-7-0/dataset/dataset/train/images/train_095.jpg,/kaggle/input/competitions/data-science-ara-7-0/dataset/dataset/train/mask/mask_095.png,train_095.jpg,mask_095.png,ara,0.37504464285714284,224,300
096,/kaggle/input/competitions/data-science-ara-7-0/dataset/dataset/train/images/train_096.jpg,/kaggle/input/competitions/data-science-ara-7-0/dataset/dataset/train/mask/mask_096.png,train_096.jpg,mask_096.png,ara,0.33933670796351084,4160,3120
097,/kaggle/input/competitions/data-science-ara-7-0/dataset/dataset/train/images/train_097.jpg,/kaggle/input/competitions/data-science-ara-7-0/dataset/dataset/train/mask/mask_097.png,train_097.jpg,mask_097.png,ara,0.10871527777777777,720,720
098,/kaggle/input/competitions/data-science-ara-7-0/dataset/dataset/train/images/train_098.jpg,/kaggle/input/competitions/data-science-ara-7-0/dataset/dataset/train/mask/mask_098.png,train_098.jpg,mask_098.png,ara,0.34380136423405655,234,416
099,/kaggle/input/competitions/data-science-ara-7-0/dataset/dataset/train/images/train_099.jpg,/kaggle/input/competitions/data-science-ara-7-0/dataset/dataset/train/mask/mask_099.png,train_099.jpg,mask_099.png,ara,0.03446159015715467,372,416
100,/kaggle/input/competitions/data-science-ara-7-0/dataset/dataset/train/images/train_100.jpg,/kaggle/input/competitions/data-science-ara-7-0/dataset/dataset/train/mask/mask_100.png,train_100.jpg,mask_100.png,ara,0.00326106647763075,2760,3680
101,/kaggle/input/competitions/data-science-ara-7-0/dataset/dataset/train/images/train_101.jpg,/kaggle/input/competitions/data-science-ara-7-0/dataset/dataset/train/mask/mask_101.png,train_101.jpg,mask_101.png,ara,0.005093336483931947,2760,3680
102,/kaggle/input/competitions/data-science-ara-7-0/dataset/dataset/train/images/train_102.jpg,/kaggle/input/competitions/data-science-ara-7-0/dataset/dataset/train/mask/mask_102.png,train_102.jpg,mask_102.png,ara,0.05381751543209876,720,720
103,/kaggle/input/competitions/data-science-ara-7-0/dataset/dataset/train/images/train_103.jpg,/kaggle/input/competitions/data-science-ara-7-0/dataset/dataset/train/mask/mask_103.png,train_103.jpg,mask_103.png,ara,0.16180401277422937,277,416
104,/kaggle/input/competitions/data-science-ara-7-0/dataset/dataset/train/images/train_104.jpg,/kaggle/input/competitions/data-science-ara-7-0/dataset/dataset/train/mask/mask_104.png,train_104.jpg,mask_104.png,ara,0.059270833333333335,720,720
105,/kaggle/input/competitions/data-science-ara-7-0/dataset/dataset/train/images/train_105.jpg,/kaggle/input/competitions/data-science-ara-7-0/dataset/dataset/train/mask/mask_105.png,train_105.jpg,mask_105.png,ara,0.06884375997446537,241,416
106,/kaggle/input/competitions/data-science-ara-7-0/dataset/dataset/train/images/train_106.jpg,/kaggle/input/competitions/data-science-ara-7-0/dataset/dataset/train/mask/mask_106.png,train_106.jpg,mask_106.png,ara,0.050759522928994084,4160,3120
107,/kaggle/input/competitions/data-science-ara-7-0/dataset/dataset/train/images/train_107.jpg,/kaggle/input/competitions/data-science-ara-7-0/dataset/dataset/train/mask/mask_107.png,train_107.jpg,mask_107.png,ara,0.303,300,400
108,/kaggle/input/competitions/data-science-ara-7-0/dataset/dataset/train/images/train_108.jpg,/kaggle/input/competitions/data-science-ara-7-0/dataset/dataset/train/mask/mask_108.png,train_108.jpg,mask_108.png,ara,0.12185908333333334,4000,3000
109,/kaggle/input/competitions/data-science-ara-7-0/dataset/dataset/train/images/train_109.jpg,/kaggle/input/competitions/data-science-ara-7-0/dataset/dataset/train/mask/mask_109.png,train_109.jpg,mask_109.png,ara,0.3742013888888889,360,640
110,/kaggle/input/competitions/data-science-ara-7-0/dataset/dataset/train/images/train_110.jpg,/kaggle/input/competitions/data-science-ara-7-0/dataset/dataset/train/mask/mask_110.png,train_110.jpg,mask_110.png,ara,0.03998862616942202,408,612
111,/kaggle/input/competitions/data-science-ara-7-0/dataset/dataset/train/images/train_111.jpg,/kaggle/input/competitions/data-science-ara-7-0/dataset/dataset/train/mask/mask_111.png,train_111.jpg,mask_111.png,ara,0.14334512142504932,4160,3120
112,/kaggle/input/competitions/data-science-ara-7-0/dataset/dataset/train/images/train_112.jpg,/kaggle/input/competitions/data-science-ara-7-0/dataset/dataset/train/mask/mask_112.png,train_112.jpg,mask_112.png,ara,0.10050347222222222,360,640
113,/kaggle/input/competitions/data-science-ara-7-0/dataset/dataset/train/images/train_113.jpg,/kaggle/input/competitions/data-science-ara-7-0/dataset/dataset/train/mask/mask_113.png,train_113.jpg,mask_113.png,ara,0.3522806164954179,277,416
114,/kaggle/input/competitions/data-science-ara-7-0/dataset/dataset/train/images/train_114.jpg,/kaggle/input/competitions/data-science-ara-7-0/dataset/dataset/train/mask/mask_114.png,train_114.jpg,mask_114.png,ara,0.11419174382716049,720,720
115,/kaggle/input/competitions/data-science-ara-7-0/dataset/dataset/train/images/train_115.jpg,/kaggle/input/competitions/data-science-ara-7-0/dataset/dataset/train/mask/mask_115.png,train_115.jpg,mask_115.png,ara,0.6366887019230769,416,560
116,/kaggle/input/competitions/data-science-ara-7-0/dataset/dataset/train/images/train_116.jpg,/kaggle/input/competitions/data-science-ara-7-0/dataset/dataset/train/mask/mask_116.png,train_116.jpg,mask_116.png,ara,0.037955555555555555,150,225
117,/kaggle/input/competitions/data-science-ara-7-0/dataset/dataset/train/images/train_117.jpg,/kaggle/input/competitions/data-science-ara-7-0/dataset/dataset/train/mask/mask_117.png,train_117.jpg,mask_117.png,ara,0.08561538461538462,250,416
118,/kaggle/input/competitions/data-science-ara-7-0/dataset/dataset/train/images/train_118.jpg,/kaggle/input/competitions/data-science-ara-7-0/dataset/dataset/train/mask/mask_118.png,train_118.jpg,mask_118.png,ara,0.02795850283530572,4160,3120
119,/kaggle/input/competitions/data-science-ara-7-0/dataset/dataset/train/images/train_119.jpg,/kaggle/input/competitions/data-science-ara-7-0/dataset/dataset/train/mask/mask_119.png,train_119.jpg,mask_119.png,ara,0.03870146079881657,4160,3120
120,/kaggle/input/competitions/data-science-ara-7-0/dataset/dataset/train/images/train_120.jpg,/kaggle/input/competitions/data-science-ara-7-0/dataset/dataset/train/mask/mask_120.png,train_120.jpg,mask_120.png,ara,0.21737179487179487,338,600
121,/kaggle/input/competitions/data-science-ara-7-0/dataset/dataset/train/images/train_121.jpg,/kaggle/input/competitions/data-science-ara-7-0/dataset/dataset/train/mask/mask_121.png,train_121.jpg,mask_121.png,ara,0.0005338541666666666,360,640
122,/kaggle/input/competitions/data-science-ara-7-0/dataset/dataset/train/images/train_122.jpg,/kaggle/input/competitions/data-science-ara-7-0/dataset/dataset/train/mask/mask_122.png,train_122.jpg,mask_122.png,ara,0.17098684210526316,532,800
123,/kaggle/input/competitions/data-science-ara-7-0/dataset/dataset/train/images/train_123.jpg,/kaggle/input/competitions/data-science-ara-7-0/dataset/dataset/train/mask/mask_123.png,train_123.jpg,mask_123.png,ara,0.15757326007326009,468,700
124,/kaggle/input/competitions/data-science-ara-7-0/dataset/dataset/train/images/train_124.jpg,/kaggle/input/competitions/data-science-ara-7-0/dataset/dataset/train/mask/mask_124.png,train_124.jpg,mask_124.png,ara,0.3257833333333333,600,800
125,/kaggle/input/competitions/data-science-ara-7-0/dataset/dataset/train/images/train_125.jpg,/kaggle/input/competitions/data-science-ara-7-0/dataset/dataset/train/mask/mask_125.png,train_125.jpg,mask_125.png,ara,0.035066609368285345,468,895
126,/kaggle/input/competitions/data-science-ara-7-0/dataset/dataset/train/images/train_126.jpg,/kaggle/input/competitions/data-science-ara-7-0/dataset/dataset/train/mask/mask_126.png,train_126.jpg,mask_126.png,ara,0.08178645678645678,259,416
127,/kaggle/input/competitions/data-science-ara-7-0/dataset/dataset/train/images/train_127.jpg,/kaggle/input/competitions/data-science-ara-7-0/dataset/dataset/train/mask/mask_127.png,train_127.jpg,mask_127.png,ara,0.004678819444444445,360,640
128,/kaggle/input/competitions/data-science-ara-7-0/dataset/dataset/train/images/train_128.jpg,/kaggle/input/competitions/data-science-ara-7-0/dataset/dataset/train/mask/mask_128.png,train_128.jpg,mask_128.png,ara,0.0015686042848141147,2760,3680
129,/kaggle/input/competitions/data-science-ara-7-0/dataset/dataset/train/images/train_129.jpg,/kaggle/input/competitions/data-science-ara-7-0/dataset/dataset/train/mask/mask_129.png,train_129.jpg,mask_129.png,ara,0.10169997486173957,153,416
130,/kaggle/input/competitions/data-science-ara-7-0/dataset/dataset/train/images/train_130.jpg,/kaggle/input/competitions/data-science-ara-7-0/dataset/dataset/train/mask/mask_130.png,train_130.jpg,mask_130.png,ara,0.052389937106918236,212,300
131,/kaggle/input/competitions/data-science-ara-7-0/dataset/dataset/train/images/train_131.jpg,/kaggle/input/competitions/data-science-ara-7-0/dataset/dataset/train/mask/mask_131.png,train_131.jpg,mask_131.png,ara,0.27465775,4000,3000
132,/kaggle/input/competitions/data-science-ara-7-0/dataset/dataset/train/images/train_132.jpg,/kaggle/input/competitions/data-science-ara-7-0/dataset/dataset/train/mask/mask_132.png,train_132.jpg,mask_132.png,ara,0.1925039598151352,3264,2448
133,/kaggle/input/competitions/data-science-ara-7-0/dataset/dataset/train/images/train_133.jpg,/kaggle/input/competitions/data-science-ara-7-0/dataset/dataset/train/mask/mask_133.png,train_133.jpg,mask_133.png,ara,0.07260155574762317,169,356
134,/kaggle/input/competitions/data-science-ara-7-0/dataset/dataset/train/images/train_134.jpg,/kaggle/input/competitions/data-science-ara-7-0/dataset/dataset/train/mask/mask_134.png,train_134.jpg,mask_134.png,ara,0.00039274180844360427,2760,3680
135,/kaggle/input/competitions/data-science-ara-7-0/dataset/dataset/train/images/train_135.jpg,/kaggle/input/competitions/data-science-ara-7-0/dataset/dataset/train/mask/mask_135.png,train_135.jpg,mask_135.png,ara,0.002308502678008822,2760,3680
136,/kaggle/input/competitions/data-science-ara-7-0/dataset/dataset/train/images/train_136.jpg,/kaggle/input/competitions/data-science-ara-7-0/dataset/dataset/train/mask/mask_136.png,train_136.jpg,mask_136.png,ara,0.08220679012345679,720,720
137,/kaggle/input/competitions/data-science-ara-7-0/dataset/dataset/train/images/train_137.jpg,/kaggle/input/competitions/data-science-ara-7-0/dataset/dataset/train/mask/mask_137.png,train_137.jpg,mask_137.png,ara,0.0005859375,360,640
138,/kaggle/input/competitions/data-science-ara-7-0/dataset/dataset/train/images/train_138.jpg,/kaggle/input/competitions/data-science-ara-7-0/dataset/dataset/train/mask/mask_138.png,train_138.jpg,mask_138.png,ara,0.11346836419753087,720,720
139,/kaggle/input/competitions/data-science-ara-7-0/dataset/dataset/train/images/train_139.jpg,/kaggle/input/competitions/data-science-ara-7-0/dataset/dataset/train/mask/mask_139.png,train_139.jpg,mask_139.png,ara,0.17554479418886199,350,590
140,/kaggle/input/competitions/data-science-ara-7-0/dataset/dataset/train/images/train_140.jpg,/kaggle/input/competitions/data-science-ara-7-0/dataset/dataset/train/mask/mask_140.png,train_140.jpg,mask_140.png,ara,0.19442389875082183,234,416
141,/kaggle/input/competitions/data-science-ara-7-0/dataset/dataset/train/images/train_141.jpg,/kaggle/input/competitions/data-science-ara-7-0/dataset/dataset/train/mask/mask_141.png,train_141.jpg,mask_141.png,ara,0.05511035146216855,401,534
142,/kaggle/input/competitions/data-science-ara-7-0/dataset/dataset/train/images/train_142.jpg,/kaggle/input/competitions/data-science-ara-7-0/dataset/dataset/train/mask/mask_142.png,train_142.jpg,mask_142.png,ara,0.17701900870492093,433,650
143,/kaggle/input/competitions/data-science-ara-7-0/dataset/dataset/train/images/train_143.jpg,/kaggle/input/competitions/data-science-ara-7-0/dataset/dataset/train/mask/mask_143.png,train_143.jpg,mask_143.png,ara,0.027744270833333334,1600,2400
144,/kaggle/input/competitions/data-science-ara-7-0/dataset/dataset/train/images/train_144.jpg,/kaggle/input/competitions/data-science-ara-7-0/dataset/dataset/train/mask/mask_144.png,train_144.jpg,mask_144.png,ara,0.04841828014234078,401,534
145,/kaggle/input/competitions/data-science-ara-7-0/dataset/dataset/train/images/train_145.jpg,/kaggle/input/competitions/data-science-ara-7-0/dataset/dataset/train/mask/mask_145.png,train_145.jpg,mask_145.png,ara,0.0346141975308642,720,720
146,/kaggle/input/competitions/data-science-ara-7-0/dataset/dataset/train/images/train_146.jpg,/kaggle/input/competitions/data-science-ara-7-0/dataset/dataset/train/mask/mask_146.png,train_146.jpg,mask_146.png,ara,0.05100167961045365,4160,3120
147,/kaggle/input/competitions/data-science-ara-7-0/dataset/dataset/train/images/train_147.jpg,/kaggle/input/competitions/data-science-ara-7-0/dataset/dataset/train/mask/mask_147.png,train_147.jpg,mask_147.png,ara,0.13581223958333333,1600,2400
148,/kaggle/input/competitions/data-science-ara-7-0/dataset/dataset/train/images/train_148.jpg,/kaggle/input/competitions/data-science-ara-7-0/dataset/dataset/train/mask/mask_148.png,train_148.jpg,mask_148.png,ara,0.19234878369493755,234,416
149,/kaggle/input/competitions/data-science-ara-7-0/dataset/dataset/train/images/train_149.jpg,/kaggle/input/competitions/data-science-ara-7-0/dataset/dataset/train/mask/mask_149.png,train_149.jpg,mask_149.png,ara,0.18960555555555555,600,1200
150,/kaggle/input/competitions/data-science-ara-7-0/dataset/dataset/train/images/train_150.jpg,/kaggle/input/competitions/data-science-ara-7-0/dataset/dataset/train/mask/mask_150.png,train_150.jpg,mask_150.png,ara,0.3769652979814643,433,770
151,/kaggle/input/competitions/data-science-ara-7-0/dataset/dataset/train/images/train_151.jpg,/kaggle/input/competitions/data-science-ara-7-0/dataset/dataset/train/mask/mask_151.png,train_151.jpg,mask_151.png,ara,0.017316583333333333,4000,3000
152,/kaggle/input/competitions/data-science-ara-7-0/dataset/dataset/train/images/train_152.jpg,/kaggle/input/competitions/data-science-ara-7-0/dataset/dataset/train/mask/mask_152.png,train_152.jpg,mask_152.png,ara,0.040414737654320985,720,720
153,/kaggle/input/competitions/data-science-ara-7-0/dataset/dataset/train/images/train_153.jpg,/kaggle/input/competitions/data-science-ara-7-0/dataset/dataset/train/mask/mask_153.png,train_153.jpg,mask_153.png,ara,0.003457585066162571,2760,3680
154,/kaggle/input/competitions/data-science-ara-7-0/dataset/dataset/train/images/train_154.jpg,/kaggle/input/competitions/data-science-ara-7-0/dataset/dataset/train/mask/mask_154.png,train_154.jpg,mask_154.png,ara,0.06628472222222222,720,720
155,/kaggle/input/competitions/data-science-ara-7-0/dataset/dataset/train/images/train_155.jpg,/kaggle/input/competitions/data-science-ara-7-0/dataset/dataset/train/mask/mask_155.png,train_155.jpg,mask_155.png,ara,0.04096064814814815,720,720
156,/kaggle/input/competitions/data-science-ara-7-0/dataset/dataset/train/images/train_156.jpg,/kaggle/input/competitions/data-science-ara-7-0/dataset/dataset/train/mask/mask_156.png,train_156.jpg,mask_156.png,ara,0.17668386491557223,533,800
157,/kaggle/input/competitions/data-science-ara-7-0/dataset/dataset/train/images/train_157.jpg,/kaggle/input/competitions/data-science-ara-7-0/dataset/dataset/train/mask/mask_157.png,train_157.jpg,mask_157.png,ara,0.026608833333333335,4000,3000
158,/kaggle/input/competitions/data-science-ara-7-0/dataset/dataset/train/images/train_158.jpg,/kaggle/input/competitions/data-science-ara-7-0/dataset/dataset/train/mask/mask_158.png,train_158.jpg,mask_158.png,ara,0.16349285893259835,307,416
159,/kaggle/input/competitions/data-science-ara-7-0/dataset/dataset/train/images/train_159.jpg,/kaggle/input/competitions/data-science-ara-7-0/dataset/dataset/train/mask/mask_159.png,train_159.jpg,mask_159.png,ara,0.0017100694444444444,360,640
160,/kaggle/input/competitions/data-science-ara-7-0/dataset/dataset/train/images/train_160.jpg,/kaggle/input/competitions/data-science-ara-7-0/dataset/dataset/train/mask/mask_160.png,train_160.jpg,mask_160.png,ara,0.0018663194444444445,360,640
161,/kaggle/input/competitions/data-science-ara-7-0/dataset/dataset/train/images/train_161.jpg,/kaggle/input/competitions/data-science-ara-7-0/dataset/dataset/train/mask/mask_161.png,train_161.jpg,mask_161.png,ara,0.08865885416666666,360,640
162,/kaggle/input/competitions/data-science-ara-7-0/dataset/dataset/train/images/train_162.jpg,/kaggle/input/competitions/data-science-ara-7-0/dataset/dataset/train/mask/mask_162.png,train_162.jpg,mask_162.png,ara,0.0665721450617284,720,720
163,/kaggle/input/competitions/data-science-ara-7-0/dataset/dataset/train/images/train_163.jpg,/kaggle/input/competitions/data-science-ara-7-0/dataset/dataset/train/mask/mask_163.png,train_163.jpg,mask_163.png,ara,0.07109848484848486,440,300
164,/kaggle/input/competitions/data-science-ara-7-0/dataset/dataset/train/images/train_164.jpg,/kaggle/input/competitions/data-science-ara-7-0/dataset/dataset/train/mask/mask_164.png,train_164.jpg,mask_164.png,ara,0.10447987851176917,439,780
165,/kaggle/input/competitions/data-science-ara-7-0/dataset/dataset/train/images/train_165.jpg,/kaggle/input/competitions/data-science-ara-7-0/dataset/dataset/train/mask/mask_165.png,train_165.jpg,mask_165.png,ara,0.13610649528371047,1036,1580
166,/kaggle/input/competitions/data-science-ara-7-0/dataset/dataset/train/images/train_166.jpg,/kaggle/input/competitions/data-science-ara-7-0/dataset/dataset/train/mask/mask_166.png,train_166.jpg,mask_166.png,ara,0.05248129804172767,683,1024
167,/kaggle/input/competitions/data-science-ara-7-0/dataset/dataset/train/images/train_167.jpg,/kaggle/input/competitions/data-science-ara-7-0/dataset/dataset/train/mask/mask_167.png,train_167.jpg,mask_167.png,ara,0.07239308525409609,277,416
168,/kaggle/input/competitions/data-science-ara-7-0/dataset/dataset/train/images/train_168.jpg,/kaggle/input/competitions/data-science-ara-7-0/dataset/dataset/train/mask/mask_168.png,train_168.jpg,mask_168.png,ara,0.10333333333333333,600,800
169,/kaggle/input/competitions/data-science-ara-7-0/dataset/dataset/train/images/train_169.jpg,/kaggle/input/competitions/data-science-ara-7-0/dataset/dataset/train/mask/mask_169.png,train_169.jpg,mask_169.png,ara,0.04728560188827695,410,620
170,/kaggle/input/competitions/data-science-ara-7-0/dataset/dataset/train/images/train_170.jpg,/kaggle/input/competitions/data-science-ara-7-0/dataset/dataset/train/mask/mask_170.png,train_170.jpg,mask_170.png,ara,0.054878223349215764,395,619
171,/kaggle/input/competitions/data-science-ara-7-0/dataset/dataset/train/images/train_171.jpg,/kaggle/input/competitions/data-science-ara-7-0/dataset/dataset/train/mask/mask_171.png,train_171.jpg,mask_171.png,ara,0.05084288708086785,312,416
172,/kaggle/input/competitions/data-science-ara-7-0/dataset/dataset/train/images/train_172.jpg,/kaggle/input/competitions/data-science-ara-7-0/dataset/dataset/train/mask/mask_172.png,train_172.jpg,mask_172.png,ara,0.12428246733234714,4160,3120
173,/kaggle/input/competitions/data-science-ara-7-0/dataset/dataset/train/images/train_173.jpg,/kaggle/input/competitions/data-science-ara-7-0/dataset/dataset/train/mask/mask_173.png,train_173.jpg,mask_173.png,ara,0.1281346450617284,720,720
174,/kaggle/input/competitions/data-science-ara-7-0/dataset/dataset/train/images/train_174.jpg,/kaggle/input/competitions/data-science-ara-7-0/dataset/dataset/train/mask/mask_174.png,train_174.jpg,mask_174.png,ara,0.2432507396449704,234,416
175,/kaggle/input/competitions/data-science-ara-7-0/dataset/dataset/train/images/train_175.jpg,/kaggle/input/competitions/data-science-ara-7-0/dataset/dataset/train/mask/mask_175.png,train_175.jpg,mask_175.png,ara,0.059457900807381774,170,204
176,/kaggle/input/competitions/data-science-ara-7-0/dataset/dataset/train/images/train_176.jpg,/kaggle/input/competitions/data-science-ara-7-0/dataset/dataset/train/mask/mask_176.png,train_176.jpg,mask_176.png,ara,0.06301649305555555,360,640
177,/kaggle/input/competitions/data-science-ara-7-0/dataset/dataset/train/images/train_177.jpg,/kaggle/input/competitions/data-science-ara-7-0/dataset/dataset/train/mask/mask_177.png,train_177.jpg,mask_177.png,ara,0.0859423828125,960,1280
178,/kaggle/input/competitions/data-science-ara-7-0/dataset/dataset/train/images/train_178.jpg,/kaggle/input/competitions/data-science-ara-7-0/dataset/dataset/train/mask/mask_178.png,train_178.jpg,mask_178.png,ara,0.006213177378701954,2760,3680
179,/kaggle/input/competitions/data-science-ara-7-0/dataset/dataset/train/images/train_179.jpg,/kaggle/input/competitions/data-science-ara-7-0/dataset/dataset/train/mask/mask_179.png,train_179.jpg,mask_179.png,ara,0.11079166666666666,400,300
180,/kaggle/input/competitions/data-science-ara-7-0/dataset/dataset/train/images/train_180.jpg,/kaggle/input/competitions/data-science-ara-7-0/dataset/dataset/train/mask/mask_180.png,train_180.jpg,mask_180.png,ara,0.08819495808678501,312,416
181,/kaggle/input/competitions/data-science-ara-7-0/dataset/dataset/train/images/train_181.jpg,/kaggle/input/competitions/data-science-ara-7-0/dataset/dataset/train/mask/mask_181.png,train_181.jpg,mask_181.png,ara,0.04307404667981591,234,416
182,/kaggle/input/competitions/data-science-ara-7-0/dataset/dataset/train/images/train_182.jpg,/kaggle/input/competitions/data-science-ara-7-0/dataset/dataset/train/mask/mask_182.png,train_182.jpg,mask_182.png,ara,0.23332478118836292,4160,3120
183,/kaggle/input/competitions/data-science-ara-7-0/dataset/dataset/train/images/train_183.jpg,/kaggle/input/competitions/data-science-ara-7-0/dataset/dataset/train/mask/mask_183.png,train_183.jpg,mask_183.png,ara,0.016246833333333332,4000,3000
184,/kaggle/input/competitions/data-science-ara-7-0/dataset/dataset/train/images/train_184.jpg,/kaggle/input/competitions/data-science-ara-7-0/dataset/dataset/train/mask/mask_184.png,train_184.jpg,mask_184.png,ara,0.12346934582511505,234,416
185,/kaggle/input/competitions/data-science-ara-7-0/dataset/dataset/train/images/train_185.jpg,/kaggle/input/competitions/data-science-ara-7-0/dataset/dataset/train/mask/mask_185.png,train_185.jpg,mask_185.png,ara,0.01860595703125,640,640
186,/kaggle/input/competitions/data-science-ara-7-0/dataset/dataset/train/images/train_186.jpg,/kaggle/input/competitions/data-science-ara-7-0/dataset/dataset/train/mask/mask_186.png,train_186.jpg,mask_186.png,ara,0.13832916666666667,600,800
187,/kaggle/input/competitions/data-science-ara-7-0/dataset/dataset/train/images/train_187.jpg,/kaggle/input/competitions/data-science-ara-7-0/dataset/dataset/train/mask/mask_187.png,train_187.jpg,mask_187.png,ara,0.13102732923234653,408,612
188,/kaggle/input/competitions/data-science-ara-7-0/dataset/dataset/train/images/train_188.jpg,/kaggle/input/competitions/data-science-ara-7-0/dataset/dataset/train/mask/mask_188.png,train_188.jpg,mask_188.png,ara,0.09049926035502959,4160,3120
189,/kaggle/input/competitions/data-science-ara-7-0/dataset/dataset/train/images/train_189.jpg,/kaggle/input/competitions/data-science-ara-7-0/dataset/dataset/train/mask/mask_189.png,train_189.jpg,mask_189.png,ara,0.013092192142621327,233,416
190,/kaggle/input/competitions/data-science-ara-7-0/dataset/dataset/train/images/train_190.jpg,/kaggle/input/competitions/data-science-ara-7-0/dataset/dataset/train/mask/mask_190.png,train_190.jpg,mask_190.png,ara,0.07614389920424403,145,416
191,/kaggle/input/competitions/data-science-ara-7-0/dataset/dataset/train/images/train_191.jpg,/kaggle/input/competitions/data-science-ara-7-0/dataset/dataset/train/mask/mask_191.png,train_191.jpg,mask_191.png,ara,0.054050751879699245,266,400
192,/kaggle/input/competitions/data-science-ara-7-0/dataset/dataset/train/images/train_192.jpg,/kaggle/input/competitions/data-science-ara-7-0/dataset/dataset/train/mask/mask_192.png,train_192.jpg,mask_192.png,ara,0.035137414965986394,525,700
193,/kaggle/input/competitions/data-science-ara-7-0/dataset/dataset/train/images/train_193.jpg,/kaggle/input/competitions/data-science-ara-7-0/dataset/dataset/train/mask/mask_193.png,train_193.jpg,mask_193.png,ara,0.06952291666666667,600,800
194,/kaggle/input/competitions/data-science-ara-7-0/dataset/dataset/train/images/train_194.jpg,/kaggle/input/competitions/data-science-ara-7-0/dataset/dataset/train/mask/mask_194.png,train_194.jpg,mask_194.png,ara,0.34546296296296297,600,450
195,/kaggle/input/competitions/data-science-ara-7-0/dataset/dataset/train/images/train_195.jpg,/kaggle/input/competitions/data-science-ara-7-0/dataset/dataset/train/mask/mask_195.png,train_195.jpg,mask_195.png,ara,0.07028681788297172,234,416
196,/kaggle/input/competitions/data-science-ara-7-0/dataset/dataset/train/images/train_196.jpg,/kaggle/input/competitions/data-science-ara-7-0/dataset/dataset/train/mask/mask_196.png,train_196.jpg,mask_196.png,ara,0.04143325617283951,720,720
197,/kaggle/input/competitions/data-science-ara-7-0/dataset/dataset/train/images/train_197.jpg,/kaggle/input/competitions/data-science-ara-7-0/dataset/dataset/train/mask/mask_197.png,train_197.jpg,mask_197.png,ara,0.2688888888888889,168,300
198,/kaggle/input/competitions/data-science-ara-7-0/dataset/dataset/train/images/train_198.jpg,/kaggle/input/competitions/data-science-ara-7-0/dataset/dataset/train/mask/mask_198.png,train_198.jpg,mask_198.png,ara,0.21758449883449885,231,416
199,/kaggle/input/competitions/data-science-ara-7-0/dataset/dataset/train/images/train_199.jpg,/kaggle/input/competitions/data-science-ara-7-0/dataset/dataset/train/mask/mask_199.png,train_199.jpg,mask_199.png,ara,0.278516384337684,277,416
200,/kaggle/input/competitions/data-science-ara-7-0/dataset/dataset/train/images/train_200.jpg,/kaggle/input/competitions/data-science-ara-7-0/dataset/dataset/train/mask/mask_200.png,train_200.jpg,mask_200.png,ara,0.14326512163050625,234,416
201,/kaggle/input/competitions/data-science-ara-7-0/dataset/dataset/train/images/train_201.jpg,/kaggle/input/competitions/data-science-ara-7-0/dataset/dataset/train/mask/mask_201.png,train_201.jpg,mask_201.png,ara,0.21505578231292516,525,700
202,/kaggle/input/competitions/data-science-ara-7-0/dataset/dataset/train/images/train_202.jpg,/kaggle/input/competitions/data-science-ara-7-0/dataset/dataset/train/mask/mask_202.png,train_202.jpg,mask_202.png,ara,0.09472640840729783,4160,3120
203,/kaggle/input/competitions/data-science-ara-7-0/dataset/dataset/train/images/train_203.jpg,/kaggle/input/competitions/data-science-ara-7-0/dataset/dataset/train/mask/mask_203.png,train_203.jpg,mask_203.png,ara,0.3041324997970285,218,339
204,/kaggle/input/competitions/data-science-ara-7-0/dataset/dataset/train/images/train_204.jpg,/kaggle/input/competitions/data-science-ara-7-0/dataset/dataset/train/mask/mask_204.png,train_204.jpg,mask_204.png,ara,0.043165218195266274,208,416
205,/kaggle/input/competitions/data-science-ara-7-0/dataset/dataset/train/images/train_205.jpg,/kaggle/input/competitions/data-science-ara-7-0/dataset/dataset/train/mask/mask_205.png,train_205.jpg,mask_205.png,ara,0.040465668145956604,4160,3120
206,/kaggle/input/competitions/data-science-ara-7-0/dataset/dataset/train/images/train_206.jpg,/kaggle/input/competitions/data-science-ara-7-0/dataset/dataset/train/mask/mask_206.png,train_206.jpg,mask_206.png,ara,0.0035113421550094517,2760,3680
207,/kaggle/input/competitions/data-science-ara-7-0/dataset/dataset/train/images/train_207.jpg,/kaggle/input/competitions/data-science-ara-7-0/dataset/dataset/train/mask/mask_207.png,train_207.jpg,mask_207.png,ara,0.25519537410198,439,780
208,/kaggle/input/competitions/data-science-ara-7-0/dataset/dataset/train/images/train_208.jpg,/kaggle/input/competitions/data-science-ara-7-0/dataset/dataset/train/mask/mask_208.png,train_208.jpg,mask_208.png,ara,0.12446581196581197,234,416
209,/kaggle/input/competitions/data-science-ara-7-0/dataset/dataset/train/images/train_209.jpg,/kaggle/input/competitions/data-science-ara-7-0/dataset/dataset/train/mask/mask_209.png,train_209.jpg,mask_209.png,ara,0.07424453742445375,478,720
210,/kaggle/input/competitions/data-science-ara-7-0/dataset/dataset/train/images/train_210.jpg,/kaggle/input/competitions/data-science-ara-7-0/dataset/dataset/train/mask/mask_210.png,train_210.jpg,mask_210.png,ara,0.23772394806048652,234,416
211,/kaggle/input/competitions/data-science-ara-7-0/dataset/dataset/train/images/train_211.jpg,/kaggle/input/competitions/data-science-ara-7-0/dataset/dataset/train/mask/mask_211.png,train_211.jpg,mask_211.png,ara,0.052837078651685396,267,400
212,/kaggle/input/competitions/data-science-ara-7-0/dataset/dataset/train/images/train_212.jpg,/kaggle/input/competitions/data-science-ara-7-0/dataset/dataset/train/mask/mask_212.png,train_212.jpg,mask_212.png,ara,0.034284336419753085,720,720
213,/kaggle/input/competitions/data-science-ara-7-0/dataset/dataset/train/images/train_213.jpg,/kaggle/input/competitions/data-science-ara-7-0/dataset/dataset/train/mask/mask_213.png,train_213.jpg,mask_213.png,ara,0.0409375,720,720
214,/kaggle/input/competitions/data-science-ara-7-0/dataset/dataset/train/images/train_214.jpg,/kaggle/input/competitions/data-science-ara-7-0/dataset/dataset/train/mask/mask_214.png,train_214.jpg,mask_214.png,ara,0.11490276476101219,1067,1600
215,/kaggle/input/competitions/data-science-ara-7-0/dataset/dataset/train/images/train_215.jpg,/kaggle/input/competitions/data-science-ara-7-0/dataset/dataset/train/mask/mask_215.png,train_215.jpg,mask_215.png,ara,0.19417876872694997,404,647
216,/kaggle/input/competitions/data-science-ara-7-0/dataset/dataset/train/images/train_216.jpg,/kaggle/input/competitions/data-science-ara-7-0/dataset/dataset/train/mask/mask_216.png,train_216.jpg,mask_216.png,ara,0.20231890868184602,459,612
217,/kaggle/input/competitions/data-science-ara-7-0/dataset/dataset/train/images/train_217.jpg,/kaggle/input/competitions/data-science-ara-7-0/dataset/dataset/train/mask/mask_217.png,train_217.jpg,mask_217.png,ara,0.13885031935573452,277,416
218,/kaggle/input/competitions/data-science-ara-7-0/dataset/dataset/train/images/train_218.jpg,/kaggle/input/competitions/data-science-ara-7-0/dataset/dataset/train/mask/mask_218.png,train_218.jpg,mask_218.png,ara,0.18148869024734077,408,612
219,/kaggle/input/competitions/data-science-ara-7-0/dataset/dataset/train/images/train_219.jpg,/kaggle/input/competitions/data-science-ara-7-0/dataset/dataset/train/mask/mask_219.png,train_219.jpg,mask_219.png,ara,0.04812422953648915,4160,3120
220,/kaggle/input/competitions/data-science-ara-7-0/dataset/dataset/train/images/train_220.jpg,/kaggle/input/competitions/data-science-ara-7-0/dataset/dataset/train/mask/mask_220.png,train_220.jpg,mask_220.png,ara,0.178017094017094,195,300
221,/kaggle/input/competitions/data-science-ara-7-0/dataset/dataset/train/images/train_221.jpg,/kaggle/input/competitions/data-science-ara-7-0/dataset/dataset/train/mask/mask_221.png,train_221.jpg,mask_221.png,ara,0.3547008547008547,234,416
222,/kaggle/input/competitions/data-science-ara-7-0/dataset/dataset/train/images/train_222.jpg,/kaggle/input/competitions/data-science-ara-7-0/dataset/dataset/train/mask/mask_222.png,train_222.jpg,mask_222.png,ara,0.05052487649964714,218,416
223,/kaggle/input/competitions/data-science-ara-7-0/dataset/dataset/train/images/train_223.jpg,/kaggle/input/competitions/data-science-ara-7-0/dataset/dataset/train/mask/mask_223.png,train_223.jpg,mask_223.png,ara,0.04276234567901235,720,720
224,/kaggle/input/competitions/data-science-ara-7-0/dataset/dataset/train/images/train_224.jpg,/kaggle/input/competitions/data-science-ara-7-0/dataset/dataset/train/mask/mask_224.png,train_224.jpg,mask_224.png,ara,0.06556327160493827,720,720
225,/kaggle/input/competitions/data-science-ara-7-0/dataset/dataset/train/images/train_225.jpg,/kaggle/input/competitions/data-science-ara-7-0/dataset/dataset/train/mask/mask_225.png,train_225.jpg,mask_225.png,ara,0.05423654015887026,412,550
226,/kaggle/input/competitions/data-science-ara-7-0/dataset/dataset/train/images/train_226.jpg,/kaggle/input/competitions/data-science-ara-7-0/dataset/dataset/train/mask/mask_226.png,train_226.jpg,mask_226.png,ara,0.36883958333333333,600,800
227,/kaggle/input/competitions/data-science-ara-7-0/dataset/dataset/train/images/train_227.jpg,/kaggle/input/competitions/data-science-ara-7-0/dataset/dataset/train/mask/mask_227.png,train_227.jpg,mask_227.png,ara,0.0736304012345679,720,720
228,/kaggle/input/competitions/data-science-ara-7-0/dataset/dataset/train/images/train_228.jpg,/kaggle/input/competitions/data-science-ara-7-0/dataset/dataset/train/mask/mask_228.png,train_228.jpg,mask_228.png,ara,0.09707840236686391,234,416
229,/kaggle/input/competitions/data-science-ara-7-0/dataset/dataset/train/images/train_229.jpg,/kaggle/input/competitions/data-science-ara-7-0/dataset/dataset/train/mask/mask_229.png,train_229.jpg,mask_229.png,ara,0.14046296296296296,720,720
230,/kaggle/input/competitions/data-science-ara-7-0/dataset/dataset/train/images/train_230.jpg,/kaggle/input/competitions/data-science-ara-7-0/dataset/dataset/train/mask/mask_230.png,train_230.jpg,mask_230.png,ara,0.1443527204502814,533,400
231,/kaggle/input/competitions/data-science-ara-7-0/dataset/dataset/train/images/train_231.jpg,/kaggle/input/competitions/data-science-ara-7-0/dataset/dataset/train/mask/mask_231.png,train_231.jpg,mask_231.png,ara,0.006276090894770006,2760,3680
232,/kaggle/input/competitions/data-science-ara-7-0/dataset/dataset/train/images/train_232.jpg,/kaggle/input/competitions/data-science-ara-7-0/dataset/dataset/train/mask/mask_232.png,train_232.jpg,mask_232.png,ara,0.17357336956521738,276,416
233,/kaggle/input/competitions/data-science-ara-7-0/dataset/dataset/train/images/train_233.jpg,/kaggle/input/competitions/data-science-ara-7-0/dataset/dataset/train/mask/mask_233.png,train_233.jpg,mask_233.png,ara,0.028950617283950618,720,720
234,/kaggle/input/competitions/data-science-ara-7-0/dataset/dataset/train/images/train_234.jpg,/kaggle/input/competitions/data-science-ara-7-0/dataset/dataset/train/mask/mask_234.png,train_234.jpg,mask_234.png,ara,0.11484937438362919,4160,3120
235,/kaggle/input/competitions/data-science-ara-7-0/dataset/dataset/train/images/train_235.jpg,/kaggle/input/competitions/data-science-ara-7-0/dataset/dataset/train/mask/mask_235.png,train_235.jpg,mask_235.png,ara,0.4087387973198383,434,326
236,/kaggle/input/competitions/data-science-ara-7-0/dataset/dataset/train/images/train_236.jpg,/kaggle/input/competitions/data-science-ara-7-0/dataset/dataset/train/mask/mask_236.png,train_236.jpg,mask_236.png,ara,0.0028561160995589164,2760,3680
237,/kaggle/input/competitions/data-science-ara-7-0/dataset/dataset/train/images/train_237.jpg,/kaggle/input/competitions/data-science-ara-7-0/dataset/dataset/train/mask/mask_237.png,train_237.jpg,mask_237.png,ara,0.050764583333333335,600,800
238,/kaggle/input/competitions/data-science-ara-7-0/dataset/dataset/train/images/train_238.jpg,/kaggle/input/competitions/data-science-ara-7-0/dataset/dataset/train/mask/mask_238.png,train_238.jpg,mask_238.png,ara,0.071630859375,480,640
239,/kaggle/input/competitions/data-science-ara-7-0/dataset/dataset/train/images/train_239.jpg,/kaggle/input/competitions/data-science-ara-7-0/dataset/dataset/train/mask/mask_239.png,train_239.jpg,mask_239.png,ara,0.12058070204904266,229,416
240,/kaggle/input/competitions/data-science-ara-7-0/dataset/dataset/train/images/train_240.jpg,/kaggle/input/competitions/data-science-ara-7-0/dataset/dataset/train/mask/mask_240.png,train_240.jpg,mask_240.png,ara,0.22124190316040612,857,1299
241,/kaggle/input/competitions/data-science-ara-7-0/dataset/dataset/train/images/train_241.jpg,/kaggle/input/competitions/data-science-ara-7-0/dataset/dataset/train/mask/mask_241.png,train_241.jpg,mask_241.png,ara,0.163439617991374,541,960
242,/kaggle/input/competitions/data-science-ara-7-0/dataset/dataset/train/images/train_242.jpg,/kaggle/input/competitions/data-science-ara-7-0/dataset/dataset/train/mask/mask_242.png,train_242.jpg,mask_242.png,ara,0.021552854938271606,720,720
243,/kaggle/input/competitions/data-science-ara-7-0/dataset/dataset/train/images/train_243.jpg,/kaggle/input/competitions/data-science-ara-7-0/dataset/dataset/train/mask/mask_243.png,train_243.jpg,mask_243.png,ara,0.455234375,240,320
244,/kaggle/input/competitions/data-science-ara-7-0/dataset/dataset/train/images/train_244.jpg,/kaggle/input/competitions/data-science-ara-7-0/dataset/dataset/train/mask/mask_244.png,train_244.jpg,mask_244.png,ara,0.04679795364891519,312,416
245,/kaggle/input/competitions/data-science-ara-7-0/dataset/dataset/train/images/train_245.jpg,/kaggle/input/competitions/data-science-ara-7-0/dataset/dataset/train/mask/mask_245.png,train_245.jpg,mask_245.png,ara,0.059972993827160495,720,720
246,/kaggle/input/competitions/data-science-ara-7-0/dataset/dataset/train/images/train_246.jpg,/kaggle/input/competitions/data-science-ara-7-0/dataset/dataset/train/mask/mask_246.png,train_246.jpg,mask_246.png,ara,0.07089829444386314,503,760
247,/kaggle/input/competitions/data-science-ara-7-0/dataset/dataset/train/images/train_247.jpg,/kaggle/input/competitions/data-science-ara-7-0/dataset/dataset/train/mask/mask_247.png,train_247.jpg,mask_247.png,ara,0.0016121219281663515,2760,3680
248,/kaggle/input/competitions/data-science-ara-7-0/dataset/dataset/train/images/train_248.jpg,/kaggle/input/competitions/data-science-ara-7-0/dataset/dataset/train/mask/mask_248.png,train_248.jpg,mask_248.png,ara,0.0604340048222758,129,299
249,/kaggle/input/competitions/data-science-ara-7-0/dataset/dataset/train/images/train_249.jpg,/kaggle/input/competitions/data-science-ara-7-0/dataset/dataset/train/mask/mask_249.png,train_249.jpg,mask_249.png,ara,0.022996794871794873,4160,3120
250,/kaggle/input/competitions/data-science-ara-7-0/dataset/dataset/train/images/train_250.jpg,/kaggle/input/competitions/data-science-ara-7-0/dataset/dataset/train/mask/mask_250.png,train_250.jpg,mask_250.png,ara,0.061286651234567904,720,720
251,/kaggle/input/competitions/data-science-ara-7-0/dataset/dataset/train/images/train_251.jpg,/kaggle/input/competitions/data-science-ara-7-0/dataset/dataset/train/mask/mask_251.png,train_251.jpg,mask_251.png,ara,0.11767746913580247,720,720
252,/kaggle/input/competitions/data-science-ara-7-0/dataset/dataset/train/images/train_252.jpg,/kaggle/input/competitions/data-science-ara-7-0/dataset/dataset/train/mask/mask_252.png,train_252.jpg,mask_252.png,ara,0.2877604166666667,312,416
253,/kaggle/input/competitions/data-science-ara-7-0/dataset/dataset/train/images/train_253.jpg,/kaggle/input/competitions/data-science-ara-7-0/dataset/dataset/train/mask/mask_253.png,train_253.jpg,mask_253.png,ara,0.1295263671875,640,640
254,/kaggle/input/competitions/data-science-ara-7-0/dataset/dataset/train/images/train_254.jpg,/kaggle/input/competitions/data-science-ara-7-0/dataset/dataset/train/mask/mask_254.png,train_254.jpg,mask_254.png,ara,0.3346308833010961,528,940
255,/kaggle/input/competitions/data-science-ara-7-0/dataset/dataset/train/images/train_255.jpg,/kaggle/input/competitions/data-science-ara-7-0/dataset/dataset/train/mask/mask_255.png,train_255.jpg,mask_255.png,ara,0.36077117327117325,198,416
256,/kaggle/input/competitions/data-science-ara-7-0/dataset/dataset/train/images/train_256.jpg,/kaggle/input/competitions/data-science-ara-7-0/dataset/dataset/train/mask/mask_256.png,train_256.jpg,mask_256.png,ara,0.06799587031558185,4160,3120
257,/kaggle/input/competitions/data-science-ara-7-0/dataset/dataset/train/images/train_257.jpg,/kaggle/input/competitions/data-science-ara-7-0/dataset/dataset/train/mask/mask_257.png,train_257.jpg,mask_257.png,ara,0.38642560266001663,300,401
258,/kaggle/input/competitions/data-science-ara-7-0/dataset/dataset/train/images/train_258.jpg,/kaggle/input/competitions/data-science-ara-7-0/dataset/dataset/train/mask/mask_258.png,train_258.jpg,mask_258.png,ara,0.057445297090729784,4160,3120
259,/kaggle/input/competitions/data-science-ara-7-0/dataset/dataset/train/images/train_259.jpg,/kaggle/input/competitions/data-science-ara-7-0/dataset/dataset/train/mask/mask_259.png,train_259.jpg,mask_259.png,ara,0.4667556001690617,182,416
260,/kaggle/input/competitions/data-science-ara-7-0/dataset/dataset/train/images/train_260.jpg,/kaggle/input/competitions/data-science-ara-7-0/dataset/dataset/train/mask/mask_260.png,train_260.jpg,mask_260.png,ara,0.6193428722840487,204,370
261,/kaggle/input/competitions/data-science-ara-7-0/dataset/dataset/train/images/train_261.jpg,/kaggle/input/competitions/data-science-ara-7-0/dataset/dataset/train/mask/mask_261.png,train_261.jpg,mask_261.png,ara,0.0009326756458727158,2760,3680
262,/kaggle/input/competitions/data-science-ara-7-0/dataset/dataset/train/images/train_262.jpg,/kaggle/input/competitions/data-science-ara-7-0/dataset/dataset/train/mask/mask_262.png,train_262.jpg,mask_262.png,ara,0.18164123326066645,247,416
263,/kaggle/input/competitions/data-science-ara-7-0/dataset/dataset/train/images/train_263.jpg,/kaggle/input/competitions/data-science-ara-7-0/dataset/dataset/train/mask/mask_263.png,train_263.jpg,mask_263.png,ara,0.0004255277252678009,2760,3680
264,/kaggle/input/competitions/data-science-ara-7-0/dataset/dataset/train/images/train_264.jpg,/kaggle/input/competitions/data-science-ara-7-0/dataset/dataset/train/mask/mask_264.png,train_264.jpg,mask_264.png,ara,0.13704668209876544,720,720
265,/kaggle/input/competitions/data-science-ara-7-0/dataset/dataset/train/images/train_265.jpg,/kaggle/input/competitions/data-science-ara-7-0/dataset/dataset/train/mask/mask_265.png,train_265.jpg,mask_265.png,ara,0.0021537295211090106,2760,3680
266,/kaggle/input/competitions/data-science-ara-7-0/dataset/dataset/train/images/train_266.jpg,/kaggle/input/competitions/data-science-ara-7-0/dataset/dataset/train/mask/mask_266.png,train_266.jpg,mask_266.png,ara,0.24515693603892252,636,1272
267,/kaggle/input/competitions/data-science-ara-7-0/dataset/dataset/train/images/train_267.jpg,/kaggle/input/competitions/data-science-ara-7-0/dataset/dataset/train/mask/mask_267.png,train_267.jpg,mask_267.png,ara,0.18037321252465482,312,416
268,/kaggle/input/competitions/data-science-ara-7-0/dataset/dataset/train/images/train_268.jpg,/kaggle/input/competitions/data-science-ara-7-0/dataset/dataset/train/mask/mask_268.png,train_268.jpg,mask_268.png,ara,0.10977880658436213,360,540
269,/kaggle/input/competitions/data-science-ara-7-0/dataset/dataset/train/images/train_269.jpg,/kaggle/input/competitions/data-science-ara-7-0/dataset/dataset/train/mask/mask_269.png,train_269.jpg,mask_269.png,ara,0.09284586107001973,4160,3120
270,/kaggle/input/competitions/data-science-ara-7-0/dataset/dataset/train/images/train_270.jpg,/kaggle/input/competitions/data-science-ara-7-0/dataset/dataset/train/mask/mask_270.png,train_270.jpg,mask_270.png,ara,0.25632625,4000,3000
271,/kaggle/input/competitions/data-science-ara-7-0/dataset/dataset/train/images/train_271.jpg,/kaggle/input/competitions/data-science-ara-7-0/dataset/dataset/train/mask/mask_271.png,train_271.jpg,mask_271.png,ara,0.008519120195337114,2760,3680
272,/kaggle/input/competitions/data-science-ara-7-0/dataset/dataset/train/images/train_272.jpg,/kaggle/input/competitions/data-science-ara-7-0/dataset/dataset/train/mask/mask_272.png,train_272.jpg,mask_272.png,ara,0.011197621298046629,2760,3680
273,/kaggle/input/competitions/data-science-ara-7-0/dataset/dataset/train/images/train_273.jpg,/kaggle/input/competitions/data-science-ara-7-0/dataset/dataset/train/mask/mask_273.png,train_273.jpg,mask_273.png,ara,0.11100328609570753,360,541
274,/kaggle/input/competitions/data-science-ara-7-0/dataset/dataset/train/images/train_274.jpg,/kaggle/input/competitions/data-science-ara-7-0/dataset/dataset/train/mask/mask_274.png,train_274.jpg,mask_274.png,ara,0.059409722222222225,720,720
275,/kaggle/input/competitions/data-science-ara-7-0/dataset/dataset/train/images/train_275.jpg,/kaggle/input/competitions/data-science-ara-7-0/dataset/dataset/train/mask/mask_275.png,train_275.jpg,mask_275.png,ara,0.11355352679811163,277,416
276,/kaggle/input/competitions/data-science-ara-7-0/dataset/dataset/train/images/train_276.jpg,/kaggle/input/competitions/data-science-ara-7-0/dataset/dataset/train/mask/mask_276.png,train_276.jpg,mask_276.png,ara,0.1638625,600,800
277,/kaggle/input/competitions/data-science-ara-7-0/dataset/dataset/train/images/train_277.jpg,/kaggle/input/competitions/data-science-ara-7-0/dataset/dataset/train/mask/mask_277.png,train_277.jpg,mask_277.png,ara,0.41078333333333333,300,400
278,/kaggle/input/competitions/data-science-ara-7-0/dataset/dataset/train/images/train_278.jpg,/kaggle/input/competitions/data-science-ara-7-0/dataset/dataset/train/mask/mask_278.png,train_278.jpg,mask_278.png,ara,0.34908160749506906,234,416
279,/kaggle/input/competitions/data-science-ara-7-0/dataset/dataset/train/images/train_279.jpg,/kaggle/input/competitions/data-science-ara-7-0/dataset/dataset/train/mask/mask_279.png,train_279.jpg,mask_279.png,ara,0.11669234154929578,426,640
280,/kaggle/input/competitions/data-science-ara-7-0/dataset/dataset/train/images/train_280.jpg,/kaggle/input/competitions/data-science-ara-7-0/dataset/dataset/train/mask/mask_280.png,train_280.jpg,mask_280.png,ara,0.023580729166666668,360,640
281,/kaggle/input/competitions/data-science-ara-7-0/dataset/dataset/train/images/train_281.jpg,/kaggle/input/competitions/data-science-ara-7-0/dataset/dataset/train/mask/mask_281.png,train_281.jpg,mask_281.png,ara,0.0027642564587271583,2760,3680
282,/kaggle/input/competitions/data-science-ara-7-0/dataset/dataset/train/images/train_282.jpg,/kaggle/input/competitions/data-science-ara-7-0/dataset/dataset/train/mask/mask_282.png,train_282.jpg,mask_282.png,ara,0.014487847222222221,360,640
283,/kaggle/input/competitions/data-science-ara-7-0/dataset/dataset/train/images/train_283.jpg,/kaggle/input/competitions/data-science-ara-7-0/dataset/dataset/train/mask/mask_283.png,train_283.jpg,mask_283.png,ara,0.004992221959672338,2760,3680
284,/kaggle/input/competitions/data-science-ara-7-0/dataset/dataset/train/images/train_284.jpg,/kaggle/input/competitions/data-science-ara-7-0/dataset/dataset/train/mask/mask_284.png,train_284.jpg,mask_284.png,ara,0.133821875,800,1200
285,/kaggle/input/competitions/data-science-ara-7-0/dataset/dataset/train/images/train_285.jpg,/kaggle/input/competitions/data-science-ara-7-0/dataset/dataset/train/mask/mask_285.png,train_285.jpg,mask_285.png,ara,0.19237103174603173,280,720
286,/kaggle/input/competitions/data-science-ara-7-0/dataset/dataset/train/images/train_286.jpg,/kaggle/input/competitions/data-science-ara-7-0/dataset/dataset/train/mask/mask_286.png,train_286.jpg,mask_286.png,ara,0.06377466666666666,750,1000
287,/kaggle/input/competitions/data-science-ara-7-0/dataset/dataset/train/images/train_287.jpg,/kaggle/input/competitions/data-science-ara-7-0/dataset/dataset/train/mask/mask_287.png,train_287.jpg,mask_287.png,ara,0.18838488576449913,569,1000
288,/kaggle/input/competitions/data-science-ara-7-0/dataset/dataset/train/images/train_288.jpg,/kaggle/input/competitions/data-science-ara-7-0/dataset/dataset/train/mask/mask_288.png,train_288.jpg,mask_288.png,ara,0.09080476588628762,598,800
289,/kaggle/input/competitions/data-science-ara-7-0/dataset/dataset/train/images/train_289.jpg,/kaggle/input/competitions/data-science-ara-7-0/dataset/dataset/train/mask/mask_289.png,train_289.jpg,mask_289.png,ara,0.07721022867357002,4160,3120
290,/kaggle/input/competitions/data-science-ara-7-0/dataset/dataset/train/images/train_290.jpg,/kaggle/input/competitions/data-science-ara-7-0/dataset/dataset/train/mask/mask_290.png,train_290.jpg,mask_290.png,ara,0.10104567307692308,4160,3120
291,/kaggle/input/competitions/data-science-ara-7-0/dataset/dataset/train/images/train_291.jpg,/kaggle/input/competitions/data-science-ara-7-0/dataset/dataset/train/mask/mask_291.png,train_291.jpg,mask_291.png,ara,0.0225390625,360,640
292,/kaggle/input/competitions/data-science-ara-7-0/dataset/dataset/train/images/train_292.jpg,/kaggle/input/competitions/data-science-ara-7-0/dataset/dataset/train/mask/mask_292.png,train_292.jpg,mask_292.png,ara,0.06689621913580247,720,720
293,/kaggle/input/competitions/data-science-ara-7-0/dataset/dataset/train/images/train_293.jpg,/kaggle/input/competitions/data-science-ara-7-0/dataset/dataset/train/mask/mask_293.png,train_293.jpg,mask_293.png,ara,0.05155864197530864,720,720
294,/kaggle/input/competitions/data-science-ara-7-0/dataset/dataset/train/images/train_294.jpg,/kaggle/input/competitions/data-science-ara-7-0/dataset/dataset/train/mask/mask_294.png,train_294.jpg,mask_294.png,ara,0.07565779320987655,720,720
295,/kaggle/input/competitions/data-science-ara-7-0/dataset/dataset/train/images/train_295.jpg,/kaggle/input/competitions/data-science-ara-7-0/dataset/dataset/train/mask/mask_295.png,train_295.jpg,mask_295.png,ara,0.4794909159342448,1024,768
296,/kaggle/input/competitions/data-science-ara-7-0/dataset/dataset/train/images/train_296.jpg,/kaggle/input/competitions/data-science-ara-7-0/dataset/dataset/train/mask/mask_296.png,train_296.jpg,mask_296.png,ara,0.29919523411371235,230,416
297,/kaggle/input/competitions/data-science-ara-7-0/dataset/dataset/train/images/train_297.jpg,/kaggle/input/competitions/data-science-ara-7-0/dataset/dataset/train/mask/mask_297.png,train_297.jpg,mask_297.png,ara,0.22493751735628992,277,416
298,/kaggle/input/competitions/data-science-ara-7-0/dataset/dataset/train/images/train_298.jpg,/kaggle/input/competitions/data-science-ara-7-0/dataset/dataset/train/mask/mask_298.png,train_298.jpg,mask_298.png,ara,0.19161325,4000,3000
299,/kaggle/input/competitions/data-science-ara-7-0/dataset/dataset/train/images/train_299.jpg,/kaggle/input/competitions/data-science-ara-7-0/dataset/dataset/train/mask/mask_299.png,train_299.jpg,mask_299.png,ara,0.21662735849056602,265,416
300,/kaggle/input/competitions/data-science-ara-7-0/dataset/dataset/train/images/train_300.jpg,/kaggle/input/competitions/data-science-ara-7-0/dataset/dataset/train/mask/mask_300.png,train_300.jpg,mask_300.png,ara,0.3128,225,400
301,/kaggle/input/competitions/data-science-ara-7-0/dataset/dataset/train/images/train_301.jpg,/kaggle/input/competitions/data-science-ara-7-0/dataset/dataset/train/mask/mask_301.png,train_301.jpg,mask_301.png,ara,0.06376567635120857,596,921
302,/kaggle/input/competitions/data-science-ara-7-0/dataset/dataset/train/images/train_302.jpg,/kaggle/input/competitions/data-science-ara-7-0/dataset/dataset/train/mask/mask_302.png,train_302.jpg,mask_302.png,ara,0.002903965816005041,2760,3680
303,/kaggle/input/competitions/data-science-ara-7-0/dataset/dataset/train/images/train_303.jpg,/kaggle/input/competitions/data-science-ara-7-0/dataset/dataset/train/mask/mask_303.png,train_303.jpg,mask_303.png,ara,0.27728126540927023,4160,3120
304,/kaggle/input/competitions/data-science-ara-7-0/dataset/dataset/train/images/train_304.jpg,/kaggle/input/competitions/data-science-ara-7-0/dataset/dataset/train/mask/mask_304.png,train_304.jpg,mask_304.png,ara,0.0406752342209073,4160,3120
305,/kaggle/input/competitions/data-science-ara-7-0/dataset/dataset/train/images/train_305.jpg,/kaggle/input/competitions/data-science-ara-7-0/dataset/dataset/train/mask/mask_305.png,train_305.jpg,mask_305.png,ara,0.19247939560439561,182,416
306,/kaggle/input/competitions/data-science-ara-7-0/dataset/dataset/train/images/train_306.jpg,/kaggle/input/competitions/data-science-ara-7-0/dataset/dataset/train/mask/mask_306.png,train_306.jpg,mask_306.png,ara,0.12286517633990558,277,416
307,/kaggle/input/competitions/data-science-ara-7-0/dataset/dataset/train/images/train_307.jpg,/kaggle/input/competitions/data-science-ara-7-0/dataset/dataset/train/mask/mask_307.png,train_307.jpg,mask_307.png,ara,0.014669008875739645,4160,3120
308,/kaggle/input/competitions/data-science-ara-7-0/dataset/dataset/train/images/train_308.jpg,/kaggle/input/competitions/data-science-ara-7-0/dataset/dataset/train/mask/mask_308.png,train_308.jpg,mask_308.png,ara,0.037501929012345676,720,720
309,/kaggle/input/competitions/data-science-ara-7-0/dataset/dataset/train/images/train_309.jpg,/kaggle/input/competitions/data-science-ara-7-0/dataset/dataset/train/mask/mask_309.png,train_309.jpg,mask_309.png,ara,0.14934755555555557,1125,1500
310,/kaggle/input/competitions/data-science-ara-7-0/dataset/dataset/train/images/train_310.jpg,/kaggle/input/competitions/data-science-ara-7-0/dataset/dataset/train/mask/mask_310.png,train_310.jpg,mask_310.png,ara,0.04951003086419753,720,720
311,/kaggle/input/competitions/data-science-ara-7-0/dataset/dataset/train/images/train_311.jpg,/kaggle/input/competitions/data-science-ara-7-0/dataset/dataset/train/mask/mask_311.png,train_311.jpg,mask_311.png,ara,0.046302083333333334,720,720
312,/kaggle/input/competitions/data-science-ara-7-0/dataset/dataset/train/images/train_312.jpg,/kaggle/input/competitions/data-science-ara-7-0/dataset/dataset/train/mask/mask_312.png,train_312.jpg,mask_312.png,ara,0.14577818436624104,247,416
313,/kaggle/input/competitions/data-science-ara-7-0/dataset/dataset/train/images/train_313.jpg,/kaggle/input/competitions/data-science-ara-7-0/dataset/dataset/train/mask/mask_313.png,train_313.jpg,mask_313.png,ara,0.08584781804733728,4160,3120
314,/kaggle/input/competitions/data-science-ara-7-0/dataset/dataset/train/images/train_314.jpg,/kaggle/input/competitions/data-science-ara-7-0/dataset/dataset/train/mask/mask_314.png,train_314.jpg,mask_314.png,ara,0.10694010786261708,271,416
315,/kaggle/input/competitions/data-science-ara-7-0/dataset/dataset/train/images/train_315.jpg,/kaggle/input/competitions/data-science-ara-7-0/dataset/dataset/train/mask/mask_315.png,train_315.jpg,mask_315.png,ara,0.023834876543209878,720,720
316,/kaggle/input/competitions/data-science-ara-7-0/dataset/dataset/train/images/train_316.jpg,/kaggle/input/competitions/data-science-ara-7-0/dataset/dataset/train/mask/mask_316.png,train_316.jpg,mask_316.png,ara,0.13155,400,300
317,/kaggle/input/competitions/data-science-ara-7-0/dataset/dataset/train/images/train_317.jpg,/kaggle/input/competitions/data-science-ara-7-0/dataset/dataset/train/mask/mask_317.png,train_317.jpg,mask_317.png,ara,0.1707814113597246,415,700
318,/kaggle/input/competitions/data-science-ara-7-0/dataset/dataset/train/images/train_318.jpg,/kaggle/input/competitions/data-science-ara-7-0/dataset/dataset/train/mask/mask_318.png,train_318.jpg,mask_318.png,ara,0.27881184895833333,480,640
319,/kaggle/input/competitions/data-science-ara-7-0/dataset/dataset/train/images/train_319.jpg,/kaggle/input/competitions/data-science-ara-7-0/dataset/dataset/train/mask/mask_319.png,train_319.jpg,mask_319.png,ara,0.06405478395061728,720,720
320,/kaggle/input/competitions/data-science-ara-7-0/dataset/dataset/train/images/train_320.jpg,/kaggle/input/competitions/data-science-ara-7-0/dataset/dataset/train/mask/mask_320.png,train_320.jpg,mask_320.png,ara,0.06230416666666667,800,1200
321,/kaggle/input/competitions/data-science-ara-7-0/dataset/dataset/train/images/train_321.jpg,/kaggle/input/competitions/data-science-ara-7-0/dataset/dataset/train/mask/mask_321.png,train_321.jpg,mask_321.png,ara,0.0795873786407767,206,400
322,/kaggle/input/competitions/data-science-ara-7-0/dataset/dataset/train/images/train_322.jpg,/kaggle/input/competitions/data-science-ara-7-0/dataset/dataset/train/mask/mask_322.png,train_322.jpg,mask_322.png,ara,0.09403763971071663,234,416
323,/kaggle/input/competitions/data-science-ara-7-0/dataset/dataset/train/images/train_323.jpg,/kaggle/input/competitions/data-science-ara-7-0/dataset/dataset/train/mask/mask_323.png,train_323.jpg,mask_323.png,ara,0.2723462232713135,277,416
324,/kaggle/input/competitions/data-science-ara-7-0/dataset/dataset/train/images/train_324.jpg,/kaggle/input/competitions/data-science-ara-7-0/dataset/dataset/train/mask/mask_324.png,train_324.jpg,mask_324.png,ara,0.303837037037037,225,300
325,/kaggle/input/competitions/data-science-ara-7-0/dataset/dataset/train/images/train_325.jpg,/kaggle/input/competitions/data-science-ara-7-0/dataset/dataset/train/mask/mask_325.png,train_325.jpg,mask_325.png,ara,0.075503003003003,444,300
326,/kaggle/input/competitions/data-science-ara-7-0/dataset/dataset/train/images/train_326.jpg,/kaggle/input/competitions/data-science-ara-7-0/dataset/dataset/train/mask/mask_326.png,train_326.jpg,mask_326.png,ara,0.14955,200,300
327,/kaggle/input/competitions/data-science-ara-7-0/dataset/dataset/train/images/train_327.jpg,/kaggle/input/competitions/data-science-ara-7-0/dataset/dataset/train/mask/mask_327.png,train_327.jpg,mask_327.png,ara,0.036696945882642995,4160,3120
328,/kaggle/input/competitions/data-science-ara-7-0/dataset/dataset/train/images/train_328.jpg,/kaggle/input/competitions/data-science-ara-7-0/dataset/dataset/train/mask/mask_328.png,train_328.jpg,mask_328.png,ara,0.043055555555555555,720,720
329,/kaggle/input/competitions/data-science-ara-7-0/dataset/dataset/train/images/train_329.jpg,/kaggle/input/competitions/data-science-ara-7-0/dataset/dataset/train/mask/mask_329.png,train_329.jpg,mask_329.png,ara,0.048859953703703704,720,720
330,/kaggle/input/competitions/data-science-ara-7-0/dataset/dataset/train/images/train_330.jpg,/kaggle/input/competitions/data-science-ara-7-0/dataset/dataset/train/mask/mask_330.png,train_330.jpg,mask_330.png,ara,0.09663461538461539,335,416
331,/kaggle/input/competitions/data-science-ara-7-0/dataset/dataset/train/images/train_331.jpg,/kaggle/input/competitions/data-science-ara-7-0/dataset/dataset/train/mask/mask_331.png,train_331.jpg,mask_331.png,ara,0.12102247535895774,269,436
332,/kaggle/input/competitions/data-science-ara-7-0/dataset/dataset/train/images/train_332.jpg,/kaggle/input/competitions/data-science-ara-7-0/dataset/dataset/train/mask/mask_332.png,train_332.jpg,mask_332.png,ara,0.05233989197530864,720,720
333,/kaggle/input/competitions/data-science-ara-7-0/dataset/dataset/train/images/train_333.jpg,/kaggle/input/competitions/data-science-ara-7-0/dataset/dataset/train/mask/mask_333.png,train_333.jpg,mask_333.png,ara,0.3211627358490566,530,800
334,/kaggle/input/competitions/data-science-ara-7-0/dataset/dataset/train/images/train_334.jpg,/kaggle/input/competitions/data-science-ara-7-0/dataset/dataset/train/mask/mask_334.png,train_334.jpg,mask_334.png,ara,0.08550561797752809,267,400
335,/kaggle/input/competitions/data-science-ara-7-0/dataset/dataset/train/images/train_335.jpg,/kaggle/input/competitions/data-science-ara-7-0/dataset/dataset/train/mask/mask_335.png,train_335.jpg,mask_335.png,ara,0.203813323842172,422,759
336,/kaggle/input/competitions/data-science-ara-7-0/dataset/dataset/train/images/train_336.jpg,/kaggle/input/competitions/data-science-ara-7-0/dataset/dataset/train/mask/mask_336.png,train_336.jpg,mask_336.png,ara,0.001427951388888889,360,640
337,/kaggle/input/competitions/data-science-ara-7-0/dataset/dataset/train/images/train_337.jpg,/kaggle/input/competitions/data-science-ara-7-0/dataset/dataset/train/mask/mask_337.png,train_337.jpg,mask_337.png,ara,0.09347662141779789,255,416
338,/kaggle/input/competitions/data-science-ara-7-0/dataset/dataset/train/images/train_338.jpg,/kaggle/input/competitions/data-science-ara-7-0/dataset/dataset/train/mask/mask_338.png,train_338.jpg,mask_338.png,ara,0.14380524811921297,3840,2880
339,/kaggle/input/competitions/data-science-ara-7-0/dataset/dataset/train/images/train_339.jpg,/kaggle/input/competitions/data-science-ara-7-0/dataset/dataset/train/mask/mask_339.png,train_339.jpg,mask_339.png,ara,0.05553047839506173,720,720
340,/kaggle/input/competitions/data-science-ara-7-0/dataset/dataset/train/images/train_340.jpg,/kaggle/input/competitions/data-science-ara-7-0/dataset/dataset/train/mask/mask_340.png,train_340.jpg,mask_340.png,ara,0.015282451923076923,4160,3120
341,/kaggle/input/competitions/data-science-ara-7-0/dataset/dataset/train/images/train_341.jpg,/kaggle/input/competitions/data-science-ara-7-0/dataset/dataset/train/mask/mask_341.png,train_341.jpg,mask_341.png,ara,0.04625192901234568,720,720
342,/kaggle/input/competitions/data-science-ara-7-0/dataset/dataset/train/images/train_342.jpg,/kaggle/input/competitions/data-science-ara-7-0/dataset/dataset/train/mask/mask_342.png,train_342.jpg,mask_342.png,ara,0.27397578692493946,350,590
343,/kaggle/input/competitions/data-science-ara-7-0/dataset/dataset/train/images/train_343.jpg,/kaggle/input/competitions/data-science-ara-7-0/dataset/dataset/train/mask/mask_343.png,train_343.jpg,mask_343.png,ara,0.031413966049382715,720,720
344,/kaggle/input/competitions/data-science-ara-7-0/dataset/dataset/train/images/train_344.jpg,/kaggle/input/competitions/data-science-ara-7-0/dataset/dataset/train/mask/mask_344.png,train_344.jpg,mask_344.png,ara,0.1345946671152121,1224,1632
345,/kaggle/input/competitions/data-science-ara-7-0/dataset/dataset/train/images/train_345.jpg,/kaggle/input/competitions/data-science-ara-7-0/dataset/dataset/train/mask/mask_345.png,train_345.jpg,mask_345.png,ara,0.16726666666666667,300,400
346,/kaggle/input/competitions/data-science-ara-7-0/dataset/dataset/train/images/train_346.jpg,/kaggle/input/competitions/data-science-ara-7-0/dataset/dataset/train/mask/mask_346.png,train_346.jpg,mask_346.png,ara,0.19014322916666668,360,640
347,/kaggle/input/competitions/data-science-ara-7-0/dataset/dataset/train/images/train_347.jpg,/kaggle/input/competitions/data-science-ara-7-0/dataset/dataset/train/mask/mask_347.png,train_347.jpg,mask_347.png,ara,0.14346354166666667,640,960
348,/kaggle/input/competitions/data-science-ara-7-0/dataset/dataset/train/images/train_348.jpg,/kaggle/input/competitions/data-science-ara-7-0/dataset/dataset/train/mask/mask_348.png,train_348.jpg,mask_348.png,ara,0.009771591224659816,277,416
349,/kaggle/input/competitions/data-science-ara-7-0/dataset/dataset/train/images/train_349.jpg,/kaggle/input/competitions/data-science-ara-7-0/dataset/dataset/train/mask/mask_349.png,train_349.jpg,mask_349.png,ara,0.08220136834319526,4160,3120
350,/kaggle/input/competitions/data-science-ara-7-0/dataset/dataset/train/images/train_350.jpg,/kaggle/input/competitions/data-science-ara-7-0/dataset/dataset/train/mask/mask_350.png,train_350.jpg,mask_350.png,ara,0.0018272487397605545,2760,3680
351,/kaggle/input/competitions/data-science-ara-7-0/dataset/dataset/train/images/train_351.jpg,/kaggle/input/competitions/data-science-ara-7-0/dataset/dataset/train/mask/mask_351.png,train_351.jpg,mask_351.png,ara,0.2355151136452394,413,620
352,/kaggle/input/competitions/data-science-ara-7-0/dataset/dataset/train/images/train_352.jpg,/kaggle/input/competitions/data-science-ara-7-0/dataset/dataset/train/mask/mask_352.png,train_352.jpg,mask_352.png,ara,0.0004272014807813485,2760,3680
353,/kaggle/input/competitions/data-science-ara-7-0/dataset/dataset/train/images/train_353.jpg,/kaggle/input/competitions/data-science-ara-7-0/dataset/dataset/train/mask/mask_353.png,train_353.jpg,mask_353.png,ara,0.007791280864197531,720,720
354,/kaggle/input/competitions/data-science-ara-7-0/dataset/dataset/train/images/train_354.jpg,/kaggle/input/competitions/data-science-ara-7-0/dataset/dataset/train/mask/mask_354.png,train_354.jpg,mask_354.png,ara,0.2591428336620644,234,416
355,/kaggle/input/competitions/data-science-ara-7-0/dataset/dataset/train/images/train_355.jpg,/kaggle/input/competitions/data-science-ara-7-0/dataset/dataset/train/mask/mask_355.png,train_355.jpg,mask_355.png,ara,0.07547781972628598,326,416
356,/kaggle/input/competitions/data-science-ara-7-0/dataset/dataset/train/images/train_356.jpg,/kaggle/input/competitions/data-science-ara-7-0/dataset/dataset/train/mask/mask_356.png,train_356.jpg,mask_356.png,ara,0.05335159817351598,1460,1950
357,/kaggle/input/competitions/data-science-ara-7-0/dataset/dataset/train/images/train_357.jpg,/kaggle/input/competitions/data-science-ara-7-0/dataset/dataset/train/mask/mask_357.png,train_357.jpg,mask_357.png,ara,0.04276586127547666,234,416
358,/kaggle/input/competitions/data-science-ara-7-0/dataset/dataset/train/images/train_358.jpg,/kaggle/input/competitions/data-science-ara-7-0/dataset/dataset/train/mask/mask_358.png,train_358.jpg,mask_358.png,ara,0.001484375,360,640
359,/kaggle/input/competitions/data-science-ara-7-0/dataset/dataset/train/images/train_359.jpg,/kaggle/input/competitions/data-science-ara-7-0/dataset/dataset/train/mask/mask_359.png,train_359.jpg,mask_359.png,ara,0.44835,200,200
360,/kaggle/input/competitions/data-science-ara-7-0/dataset/dataset/train/images/train_360.jpg,/kaggle/input/competitions/data-science-ara-7-0/dataset/dataset/train/mask/mask_360.png,train_360.jpg,mask_360.png,ara,0.0977891754935426,362,628
361,/kaggle/input/competitions/data-science-ara-7-0/dataset/dataset/train/images/train_361.jpg,/kaggle/input/competitions/data-science-ara-7-0/dataset/dataset/train/mask/mask_361.png,train_361.jpg,mask_361.png,ara,0.226845703125,640,640
362,/kaggle/input/competitions/data-science-ara-7-0/dataset/dataset/train/images/train_362.jpg,/kaggle/input/competitions/data-science-ara-7-0/dataset/dataset/train/mask/mask_362.png,train_362.jpg,mask_362.png,ara,0.23032664537628436,277,416
363,/kaggle/input/competitions/data-science-ara-7-0/dataset/dataset/train/images/train_363.jpg,/kaggle/input/competitions/data-science-ara-7-0/dataset/dataset/train/mask/mask_363.png,train_363.jpg,mask_363.png,ara,0.023446180555555557,360,640
364,/kaggle/input/competitions/data-science-ara-7-0/dataset/dataset/train/images/train_364.jpg,/kaggle/input/competitions/data-science-ara-7-0/dataset/dataset/train/mask/mask_364.png,train_364.jpg,mask_364.png,ara,0.033758333333333335,300,400
365,/kaggle/input/competitions/data-science-ara-7-0/dataset/dataset/train/images/train_365.jpg,/kaggle/input/competitions/data-science-ara-7-0/dataset/dataset/train/mask/mask_365.png,train_365.jpg,mask_365.png,ara,0.04188648740639891,226,416
366,/kaggle/input/competitions/data-science-ara-7-0/dataset/dataset/train/images/train_366.jpg,/kaggle/input/competitions/data-science-ara-7-0/dataset/dataset/train/mask/mask_366.png,train_366.jpg,mask_366.png,ara,0.028363330046022355,234,416
367,/kaggle/input/competitions/data-science-ara-7-0/dataset/dataset/train/images/train_367.jpg,/kaggle/input/competitions/data-science-ara-7-0/dataset/dataset/train/mask/mask_367.png,train_367.jpg,mask_367.png,ara,0.057725388143966126,218,416
368,/kaggle/input/competitions/data-science-ara-7-0/dataset/dataset/train/images/train_368.jpg,/kaggle/input/competitions/data-science-ara-7-0/dataset/dataset/train/mask/mask_368.png,train_368.jpg,mask_368.png,ara,0.3091346153846154,140,416
369,/kaggle/input/competitions/data-science-ara-7-0/dataset/dataset/train/images/train_369.jpg,/kaggle/input/competitions/data-science-ara-7-0/dataset/dataset/train/mask/mask_369.png,train_369.jpg,mask_369.png,ara,0.169150390625,640,640
370,/kaggle/input/competitions/data-science-ara-7-0/dataset/dataset/train/images/train_370.jpg,/kaggle/input/competitions/data-science-ara-7-0/dataset/dataset/train/mask/mask_370.png,train_370.jpg,mask_370.png,ara,0.04609760802469136,720,720
371,/kaggle/input/competitions/data-science-ara-7-0/dataset/dataset/train/images/train_371.jpg,/kaggle/input/competitions/data-science-ara-7-0/dataset/dataset/train/mask/mask_371.png,train_371.jpg,mask_371.png,ara,0.008672271956622155,4032,3024
372,/kaggle/input/competitions/data-science-ara-7-0/dataset/dataset/train/images/train_372.jpg,/kaggle/input/competitions/data-science-ara-7-0/dataset/dataset/train/mask/mask_372.png,train_372.jpg,mask_372.png,ara,0.570735559566787,277,416
373,/kaggle/input/competitions/data-science-ara-7-0/dataset/dataset/train/images/train_373.jpg,/kaggle/input/competitions/data-science-ara-7-0/dataset/dataset/train/mask/mask_373.png,train_373.jpg,mask_373.png,ara,0.3351585833333333,4000,3000
374,/kaggle/input/competitions/data-science-ara-7-0/dataset/dataset/train/images/train_374.jpg,/kaggle/input/competitions/data-science-ara-7-0/dataset/dataset/train/mask/mask_374.png,train_374.jpg,mask_374.png,ara,0.23511790337049854,408,612
375,/kaggle/input/competitions/data-science-ara-7-0/dataset/dataset/train/images/train_375.jpg,/kaggle/input/competitions/data-science-ara-7-0/dataset/dataset/train/mask/mask_375.png,train_375.jpg,mask_375.png,ara,0.04755350496277916,248,416
376,/kaggle/input/competitions/data-science-ara-7-0/dataset/dataset/train/images/train_376.jpg,/kaggle/input/competitions/data-science-ara-7-0/dataset/dataset/train/mask/mask_376.png,train_376.jpg,mask_376.png,ara,0.02111840483234714,312,416
377,/kaggle/input/competitions/data-science-ara-7-0/dataset/dataset/train/images/train_377.jpg,/kaggle/input/competitions/data-science-ara-7-0/dataset/dataset/train/mask/mask_377.png,train_377.jpg,mask_377.png,ara,0.2198523161920952,181,416
378,/kaggle/input/competitions/data-science-ara-7-0/dataset/dataset/train/images/train_378.jpg,/kaggle/input/competitions/data-science-ara-7-0/dataset/dataset/train/mask/mask_378.png,train_378.jpg,mask_378.png,ara,0.02667631172839506,720,720
380,/kaggle/input/competitions/data-science-ara-7-0/dataset/dataset/train/images/train_380.jpg,/kaggle/input/competitions/data-science-ara-7-0/dataset/dataset/train/mask/mask_380.png,train_380.jpg,mask_380.png,ara,0.10166446820327686,277,416
381,/kaggle/input/competitions/data-science-ara-7-0/dataset/dataset/train/images/train_381.jpg,/kaggle/input/competitions/data-science-ara-7-0/dataset/dataset/train/mask/mask_381.png,train_381.jpg,mask_381.png,ara,0.039538966049382715,720,720
382,/kaggle/input/competitions/data-science-ara-7-0/dataset/dataset/train/images/train_382.jpg,/kaggle/input/competitions/data-science-ara-7-0/dataset/dataset/train/mask/mask_382.png,train_382.jpg,mask_382.png,ara,0.15691404589885252,181,416
383,/kaggle/input/competitions/data-science-ara-7-0/dataset/dataset/train/images/train_383.jpg,/kaggle/input/competitions/data-science-ara-7-0/dataset/dataset/train/mask/mask_383.png,train_383.jpg,mask_383.png,ara,0.3451124687586781,277,416
384,/kaggle/input/competitions/data-science-ara-7-0/dataset/dataset/train/images/train_384.jpg,/kaggle/input/competitions/data-science-ara-7-0/dataset/dataset/train/mask/mask_384.png,train_384.jpg,mask_384.png,ara,0.05588348765432099,720,720
385,/kaggle/input/competitions/data-science-ara-7-0/dataset/dataset/train/images/train_385.jpg,/kaggle/input/competitions/data-science-ara-7-0/dataset/dataset/train/mask/mask_385.png,train_385.jpg,mask_385.png,ara,0.07081404320987654,720,720
386,/kaggle/input/competitions/data-science-ara-7-0/dataset/dataset/train/images/train_386.jpg,/kaggle/input/competitions/data-science-ara-7-0/dataset/dataset/train/mask/mask_386.png,train_386.jpg,mask_386.png,ara,0.026878544132149903,4160,3120
387,/kaggle/input/competitions/data-science-ara-7-0/dataset/dataset/train/images/train_387.jpg,/kaggle/input/competitions/data-science-ara-7-0/dataset/dataset/train/mask/mask_387.png,train_387.jpg,mask_387.png,ara,0.3421358650374896,277,416
388,/kaggle/input/competitions/data-science-ara-7-0/dataset/dataset/train/images/train_388.jpg,/kaggle/input/competitions/data-science-ara-7-0/dataset/dataset/train/mask/mask_388.png,train_388.jpg,mask_388.png,ara,0.34186872909698995,207,416
389,/kaggle/input/competitions/data-science-ara-7-0/dataset/dataset/train/images/train_389.jpg,/kaggle/input/competitions/data-science-ara-7-0/dataset/dataset/train/mask/mask_389.png,train_389.jpg,mask_389.png,ara,0.418549357334308,768,1368
390,/kaggle/input/competitions/data-science-ara-7-0/dataset/dataset/train/images/train_390.jpg,/kaggle/input/competitions/data-science-ara-7-0/dataset/dataset/train/mask/mask_390.png,train_390.jpg,mask_390.png,ara,0.13564266929651544,234,416
391,/kaggle/input/competitions/data-science-ara-7-0/dataset/dataset/train/images/train_391.jpg,/kaggle/input/competitions/data-science-ara-7-0/dataset/dataset/train/mask/mask_391.png,train_391.jpg,mask_391.png,ara,0.13808333333333334,600,800
392,/kaggle/input/competitions/data-science-ara-7-0/dataset/dataset/train/images/train_392.jpg,/kaggle/input/competitions/data-science-ara-7-0/dataset/dataset/train/mask/mask_392.png,train_392.jpg,mask_392.png,ara,0.027038966049382718,720,720
393,/kaggle/input/competitions/data-science-ara-7-0/dataset/dataset/train/images/train_393.jpg,/kaggle/input/competitions/data-science-ara-7-0/dataset/dataset/train/mask/mask_393.png,train_393.jpg,mask_393.png,ara,0.43499895024144447,433,770
394,/kaggle/input/competitions/data-science-ara-7-0/dataset/dataset/train/images/train_394.jpg,/kaggle/input/competitions/data-science-ara-7-0/dataset/dataset/train/mask/mask_394.png,train_394.jpg,mask_394.png,ara,0.041734182098765435,720,720
395,/kaggle/input/competitions/data-science-ara-7-0/dataset/dataset/train/images/train_395.jpg,/kaggle/input/competitions/data-science-ara-7-0/dataset/dataset/train/mask/mask_395.png,train_395.jpg,mask_395.png,ara,0.20147186955439383,309,416
396,/kaggle/input/competitions/data-science-ara-7-0/dataset/dataset/train/images/train_396.jpg,/kaggle/input/competitions/data-science-ara-7-0/dataset/dataset/train/mask/mask_396.png,train_396.jpg,mask_396.png,ara,0.015162037037037036,720,720
397,/kaggle/input/competitions/data-science-ara-7-0/dataset/dataset/train/images/train_397.jpg,/kaggle/input/competitions/data-science-ara-7-0/dataset/dataset/train/mask/mask_397.png,train_397.jpg,mask_397.png,ara,0.11116476006536918,424,635
398,/kaggle/input/competitions/data-science-ara-7-0/dataset/dataset/train/images/train_398.jpg,/kaggle/input/competitions/data-science-ara-7-0/dataset/dataset/train/mask/mask_398.png,train_398.jpg,mask_398.png,ara,0.0359741512345679,720,720
399,/kaggle/input/competitions/data-science-ara-7-0/dataset/dataset/train/images/train_399.jpg,/kaggle/input/competitions/data-science-ara-7-0/dataset/dataset/train/mask/mask_399.png,train_399.jpg,mask_399.png,ara,0.03628369493754109,234,416
400,/kaggle/input/competitions/data-science-ara-7-0/dataset/dataset/train/images/train_400.jpg,/kaggle/input/competitions/data-science-ara-7-0/dataset/dataset/train/mask/mask_400.png,train_400.jpg,mask_400.png,ara,0.06290780633629191,4160,3120
401,/kaggle/input/competitions/data-science-ara-7-0/dataset/dataset/train/images/train_401.jpg,/kaggle/input/competitions/data-science-ara-7-0/dataset/dataset/train/mask/mask_401.png,train_401.jpg,mask_401.png,ara,0.0023596014492753624,2760,3680
402,/kaggle/input/competitions/data-science-ara-7-0/dataset/dataset/train/images/train_402.jpg,/kaggle/input/competitions/data-science-ara-7-0/dataset/dataset/train/mask/mask_402.png,train_402.jpg,mask_402.png,ara,0.027560404339250492,4160,3120
403,/kaggle/input/competitions/data-science-ara-7-0/dataset/dataset/train/images/train_403.jpg,/kaggle/input/competitions/data-science-ara-7-0/dataset/dataset/train/mask/mask_403.png,train_403.jpg,mask_403.png,ara,0.07942962962962963,300,450
404,/kaggle/input/competitions/data-science-ara-7-0/dataset/dataset/train/images/train_404.jpg,/kaggle/input/competitions/data-science-ara-7-0/dataset/dataset/train/mask/mask_404.png,train_404.jpg,mask_404.png,ara,0.04055555555555555,720,720
405,/kaggle/input/competitions/data-science-ara-7-0/dataset/dataset/train/images/train_405.jpg,/kaggle/input/competitions/data-science-ara-7-0/dataset/dataset/train/mask/mask_405.png,train_405.jpg,mask_405.png,ara,0.45608862682033413,1057,1599
406,/kaggle/input/competitions/data-science-ara-7-0/dataset/dataset/train/images/train_406.jpg,/kaggle/input/competitions/data-science-ara-7-0/dataset/dataset/train/mask/mask_406.png,train_406.jpg,mask_406.png,ara,0.1366859412417499,439,780
407,/kaggle/input/competitions/data-science-ara-7-0/dataset/dataset/train/images/train_407.jpg,/kaggle/input/competitions/data-science-ara-7-0/dataset/dataset/train/mask/mask_407.png,train_407.jpg,mask_407.png,ara,0.13504347826086957,667,1000
408,/kaggle/input/competitions/data-science-ara-7-0/dataset/dataset/train/images/train_408.jpg,/kaggle/input/competitions/data-science-ara-7-0/dataset/dataset/train/mask/mask_408.png,train_408.jpg,mask_408.png,ara,0.4201587301587302,357,300
409,/kaggle/input/competitions/data-science-ara-7-0/dataset/dataset/train/images/train_409.jpg,/kaggle/input/competitions/data-science-ara-7-0/dataset/dataset/train/mask/mask_409.png,train_409.jpg,mask_409.png,ara,0.1836375285182986,653,980
410,/kaggle/input/competitions/data-science-ara-7-0/dataset/dataset/train/images/train_410.jpg,/kaggle/input/competitions/data-science-ara-7-0/dataset/dataset/train/mask/mask_410.png,train_410.jpg,mask_410.png,ara,0.03584297839506173,720,720
411,/kaggle/input/competitions/data-science-ara-7-0/dataset/dataset/train/images/train_411.jpg,/kaggle/input/competitions/data-science-ara-7-0/dataset/dataset/train/mask/mask_411.png,train_411.jpg,mask_411.png,ara,0.4868712401515213,857,1299
412,/kaggle/input/competitions/data-science-ara-7-0/dataset/dataset/train/images/train_412.jpg,/kaggle/input/competitions/data-science-ara-7-0/dataset/dataset/train/mask/mask_412.png,train_412.jpg,mask_412.png,ara,0.4214924474098786,654,660
413,/kaggle/input/competitions/data-science-ara-7-0/dataset/dataset/train/images/train_413.jpg,/kaggle/input/competitions/data-science-ara-7-0/dataset/dataset/train/mask/mask_413.png,train_413.jpg,mask_413.png,ara,0.0011368738185255198,2760,3680
414,/kaggle/input/competitions/data-science-ara-7-0/dataset/dataset/train/images/train_414.jpg,/kaggle/input/competitions/data-science-ara-7-0/dataset/dataset/train/mask/mask_414.png,train_414.jpg,mask_414.png,ara,0.0670473479589003,277,416
415,/kaggle/input/competitions/data-science-ara-7-0/dataset/dataset/train/images/train_415.jpg,/kaggle/input/competitions/data-science-ara-7-0/dataset/dataset/train/mask/mask_415.png,train_415.jpg,mask_415.png,ara,0.0080010436357908,2760,3680
416,/kaggle/input/competitions/data-science-ara-7-0/dataset/dataset/train/images/train_416.jpg,/kaggle/input/competitions/data-science-ara-7-0/dataset/dataset/train/mask/mask_416.png,train_416.jpg,mask_416.png,ara,0.009814814814814814,720,720
417,/kaggle/input/competitions/data-science-ara-7-0/dataset/dataset/train/images/train_417.jpg,/kaggle/input/competitions/data-science-ara-7-0/dataset/dataset/train/mask/mask_417.png,train_417.jpg,mask_417.png,ara,0.14790606038494136,434,821
418,/kaggle/input/competitions/data-science-ara-7-0/dataset/dataset/train/images/train_418.jpg,/kaggle/input/competitions/data-science-ara-7-0/dataset/dataset/train/mask/mask_418.png,train_418.jpg,mask_418.png,ara,0.016694601270289343,218,416
419,/kaggle/input/competitions/data-science-ara-7-0/dataset/dataset/train/images/train_419.jpg,/kaggle/input/competitions/data-science-ara-7-0/dataset/dataset/train/mask/mask_419.png,train_419.jpg,mask_419.png,ara,0.2972037310979619,234,416
420,/kaggle/input/competitions/data-science-ara-7-0/dataset/dataset/train/images/train_420.jpg,/kaggle/input/competitions/data-science-ara-7-0/dataset/dataset/train/mask/mask_420.png,train_420.jpg,mask_420.png,ara,0.05918619791666667,480,640
421,/kaggle/input/competitions/data-science-ara-7-0/dataset/dataset/train/images/train_421.jpg,/kaggle/input/competitions/data-science-ara-7-0/dataset/dataset/train/mask/mask_421.png,train_421.jpg,mask_421.png,ara,0.24860537836147592,300,533
422,/kaggle/input/competitions/data-science-ara-7-0/dataset/dataset/train/images/train_422.jpg,/kaggle/input/competitions/data-science-ara-7-0/dataset/dataset/train/mask/mask_422.png,train_422.jpg,mask_422.png,ara,0.009917052469135802,720,720
423,/kaggle/input/competitions/data-science-ara-7-0/dataset/dataset/train/images/train_423.jpg,/kaggle/input/competitions/data-science-ara-7-0/dataset/dataset/train/mask/mask_423.png,train_423.jpg,mask_423.png,ara,0.034583333333333334,300,400
424,/kaggle/input/competitions/data-science-ara-7-0/dataset/dataset/train/images/train_424.jpg,/kaggle/input/competitions/data-science-ara-7-0/dataset/dataset/train/mask/mask_424.png,train_424.jpg,mask_424.png,ara,0.0028602430555555555,360,640
425,/kaggle/input/competitions/data-science-ara-7-0/dataset/dataset/train/images/train_425.jpg,/kaggle/input/competitions/data-science-ara-7-0/dataset/dataset/train/mask/mask_425.png,train_425.jpg,mask_425.png,ara,0.059965583333333336,4000,3000
426,/kaggle/input/competitions/data-science-ara-7-0/dataset/dataset/train/images/train_426.jpg,/kaggle/input/competitions/data-science-ara-7-0/dataset/dataset/train/mask/mask_426.png,train_426.jpg,mask_426.png,ara,0.22421748347674272,330,243
427,/kaggle/input/competitions/data-science-ara-7-0/dataset/dataset/train/images/train_427.jpg,/kaggle/input/competitions/data-science-ara-7-0/dataset/dataset/train/mask/mask_427.png,train_427.jpg,mask_427.png,ara,0.2661863425925926,720,960
428,/kaggle/input/competitions/data-science-ara-7-0/dataset/dataset/train/images/train_428.jpg,/kaggle/input/competitions/data-science-ara-7-0/dataset/dataset/train/mask/mask_428.png,train_428.jpg,mask_428.png,ara,0.07244527829893684,300,533
429,/kaggle/input/competitions/data-science-ara-7-0/dataset/dataset/train/images/train_429.jpg,/kaggle/input/competitions/data-science-ara-7-0/dataset/dataset/train/mask/mask_429.png,train_429.jpg,mask_429.png,ara,0.15475016436554898,234,416
430,/kaggle/input/competitions/data-science-ara-7-0/dataset/dataset/train/images/train_430.jpg,/kaggle/input/competitions/data-science-ara-7-0/dataset/dataset/train/mask/mask_430.png,train_430.jpg,mask_430.png,ara,0.16954454116205306,3264,2448
431,/kaggle/input/competitions/data-science-ara-7-0/dataset/dataset/train/images/train_431.jpg,/kaggle/input/competitions/data-science-ara-7-0/dataset/dataset/train/mask/mask_431.png,train_431.jpg,mask_431.png,ara,0.031211476824457594,312,416
432,/kaggle/input/competitions/data-science-ara-7-0/dataset/dataset/train/images/train_432.jpg,/kaggle/input/competitions/data-science-ara-7-0/dataset/dataset/train/mask/mask_432.png,train_432.jpg,mask_432.png,ara,0.2418996746680735,446,612
433,/kaggle/input/competitions/data-science-ara-7-0/dataset/dataset/train/images/train_433.jpg,/kaggle/input/competitions/data-science-ara-7-0/dataset/dataset/train/mask/mask_433.png,train_433.jpg,mask_433.png,ara,0.04821566358024691,720,720
434,/kaggle/input/competitions/data-science-ara-7-0/dataset/dataset/train/images/train_434.jpg,/kaggle/input/competitions/data-science-ara-7-0/dataset/dataset/train/mask/mask_434.png,train_434.jpg,mask_434.png,ara,0.1600942655145326,335,494
435,/kaggle/input/competitions/data-science-ara-7-0/dataset/dataset/train/images/train_435.jpg,/kaggle/input/competitions/data-science-ara-7-0/dataset/dataset/train/mask/mask_435.png,train_435.jpg,mask_435.png,ara,0.02884669317061144,4160,3120
436,/kaggle/input/competitions/data-science-ara-7-0/dataset/dataset/train/images/train_436.jpg,/kaggle/input/competitions/data-science-ara-7-0/dataset/dataset/train/mask/mask_436.png,train_436.jpg,mask_436.png,ara,0.09366545694490268,433,770
437,/kaggle/input/competitions/data-science-ara-7-0/dataset/dataset/train/images/train_437.jpg,/kaggle/input/competitions/data-science-ara-7-0/dataset/dataset/train/mask/mask_437.png,train_437.jpg,mask_437.png,ara,0.13988186392474294,653,980
438,/kaggle/input/competitions/data-science-ara-7-0/dataset/dataset/train/images/train_438.jpg,/kaggle/input/competitions/data-science-ara-7-0/dataset/dataset/train/mask/mask_438.png,train_438.jpg,mask_438.png,ara,0.0007291666666666667,360,640
439,/kaggle/input/competitions/data-science-ara-7-0/dataset/dataset/train/images/train_439.jpg,/kaggle/input/competitions/data-science-ara-7-0/dataset/dataset/train/mask/mask_439.png,train_439.jpg,mask_439.png,ara,0.16832414289139294,430,970
440,/kaggle/input/competitions/data-science-ara-7-0/dataset/dataset/train/images/train_440.jpg,/kaggle/input/competitions/data-science-ara-7-0/dataset/dataset/train/mask/mask_440.png,train_440.jpg,mask_440.png,ara,0.11743881118881119,275,416
441,/kaggle/input/competitions/data-science-ara-7-0/dataset/dataset/train/images/train_441.jpg,/kaggle/input/competitions/data-science-ara-7-0/dataset/dataset/train/mask/mask_441.png,train_441.jpg,mask_441.png,ara,0.4736838818849946,422,759
442,/kaggle/input/competitions/data-science-ara-7-0/dataset/dataset/train/images/train_442.jpg,/kaggle/input/competitions/data-science-ara-7-0/dataset/dataset/train/mask/mask_442.png,train_442.jpg,mask_442.png,ara,0.36541666666666667,200,300
443,/kaggle/input/competitions/data-science-ara-7-0/dataset/dataset/train/images/train_443.jpg,/kaggle/input/competitions/data-science-ara-7-0/dataset/dataset/train/mask/mask_443.png,train_443.jpg,mask_443.png,ara,0.0355103668261563,300,418
444,/kaggle/input/competitions/data-science-ara-7-0/dataset/dataset/train/images/train_444.jpg,/kaggle/input/competitions/data-science-ara-7-0/dataset/dataset/train/mask/mask_444.png,train_444.jpg,mask_444.png,ara,0.07200208333333333,600,800
445,/kaggle/input/competitions/data-science-ara-7-0/dataset/dataset/train/images/train_445.jpg,/kaggle/input/competitions/data-science-ara-7-0/dataset/dataset/train/mask/mask_445.png,train_445.jpg,mask_445.png,ara,0.0012914500630119724,2760,3680
446,/kaggle/input/competitions/data-science-ara-7-0/dataset/dataset/train/images/train_446.jpg,/kaggle/input/competitions/data-science-ara-7-0/dataset/dataset/train/mask/mask_446.png,train_446.jpg,mask_446.png,ara,0.03653742283950617,720,720
447,/kaggle/input/competitions/data-science-ara-7-0/dataset/dataset/train/images/train_447.jpg,/kaggle/input/competitions/data-science-ara-7-0/dataset/dataset/train/mask/mask_447.png,train_447.jpg,mask_447.png,ara,0.2076561729536489,4160,3120
448,/kaggle/input/competitions/data-science-ara-7-0/dataset/dataset/train/images/train_448.jpg,/kaggle/input/competitions/data-science-ara-7-0/dataset/dataset/train/mask/mask_448.png,train_448.jpg,mask_448.png,ara,0.21170543380750992,408,612
449,/kaggle/input/competitions/data-science-ara-7-0/dataset/dataset/train/images/train_449.jpg,/kaggle/input/competitions/data-science-ara-7-0/dataset/dataset/train/mask/mask_449.png,train_449.jpg,mask_449.png,ara,0.41877453371425916,381,678
450,/kaggle/input/competitions/data-science-ara-7-0/dataset/dataset/train/images/train_450.jpg,/kaggle/input/competitions/data-science-ara-7-0/dataset/dataset/train/mask/mask_450.png,train_450.jpg,mask_450.png,ara,0.21585,200,200
451,/kaggle/input/competitions/data-science-ara-7-0/dataset/dataset/train/images/train_451.jpg,/kaggle/input/competitions/data-science-ara-7-0/dataset/dataset/train/mask/mask_451.png,train_451.jpg,mask_451.png,ara,0.25185546875,1680,3200
452,/kaggle/input/competitions/data-science-ara-7-0/dataset/dataset/train/images/train_452.jpg,/kaggle/input/competitions/data-science-ara-7-0/dataset/dataset/train/mask/mask_452.png,train_452.jpg,mask_452.png,ara,0.17417421124828533,675,1080
453,/kaggle/input/competitions/data-science-ara-7-0/dataset/dataset/train/images/train_453.jpg,/kaggle/input/competitions/data-science-ara-7-0/dataset/dataset/train/mask/mask_453.png,train_453.jpg,mask_453.png,ara,0.3288757396449704,260,260
454,/kaggle/input/competitions/data-science-ara-7-0/dataset/dataset/train/images/train_454.jpg,/kaggle/input/competitions/data-science-ara-7-0/dataset/dataset/train/mask/mask_454.png,train_454.jpg,mask_454.png,ara,0.0010036625708884689,2760,3680
455,/kaggle/input/competitions/data-science-ara-7-0/dataset/dataset/train/images/train_455.jpg,/kaggle/input/competitions/data-science-ara-7-0/dataset/dataset/train/mask/mask_455.png,train_455.jpg,mask_455.png,ara,0.0016205891619407687,2760,3680
456,/kaggle/input/competitions/data-science-ara-7-0/dataset/dataset/train/images/train_456.jpg,/kaggle/input/competitions/data-science-ara-7-0/dataset/dataset/train/mask/mask_456.png,train_456.jpg,mask_456.png,ara,0.19691041162227602,350,590
457,/kaggle/input/competitions/data-science-ara-7-0/dataset/dataset/train/images/train_457.jpg,/kaggle/input/competitions/data-science-ara-7-0/dataset/dataset/train/mask/mask_457.png,train_457.jpg,mask_457.png,ara,0.45069033530571995,273,416
458,/kaggle/input/competitions/data-science-ara-7-0/dataset/dataset/train/images/train_458.jpg,/kaggle/input/competitions/data-science-ara-7-0/dataset/dataset/train/mask/mask_458.png,train_458.jpg,mask_458.png,ara,0.013410493827160494,720,720
459,/kaggle/input/competitions/data-science-ara-7-0/dataset/dataset/train/images/train_459.jpg,/kaggle/input/competitions/data-science-ara-7-0/dataset/dataset/train/mask/mask_459.png,train_459.jpg,mask_459.png,ara,0.06854752218934912,4160,3120
460,/kaggle/input/competitions/data-science-ara-7-0/dataset/dataset/train/images/train_460.jpg,/kaggle/input/competitions/data-science-ara-7-0/dataset/dataset/train/mask/mask_460.png,train_460.jpg,mask_460.png,ara,0.07695936575443788,4160,3120
461,/kaggle/input/competitions/data-science-ara-7-0/dataset/dataset/train/images/train_461.jpg,/kaggle/input/competitions/data-science-ara-7-0/dataset/dataset/train/mask/mask_461.png,train_461.jpg,mask_461.png,ara,0.056453787598619326,4160,3120
462,/kaggle/input/competitions/data-science-ara-7-0/dataset/dataset/train/images/train_462.jpg,/kaggle/input/competitions/data-science-ara-7-0/dataset/dataset/train/mask/mask_462.png,train_462.jpg,mask_462.png,ara,0.08032793209876543,720,720
463,/kaggle/input/competitions/data-science-ara-7-0/dataset/dataset/train/images/train_463.jpg,/kaggle/input/competitions/data-science-ara-7-0/dataset/dataset/train/mask/mask_463.png,train_463.jpg,mask_463.png,ara,0.0011107829237555135,2760,3680
464,/kaggle/input/competitions/data-science-ara-7-0/dataset/dataset/train/images/train_464.jpg,/kaggle/input/competitions/data-science-ara-7-0/dataset/dataset/train/mask/mask_464.png,train_464.jpg,mask_464.png,ara,0.3734683363715622,407,620
465,/kaggle/input/competitions/data-science-ara-7-0/dataset/dataset/train/images/train_465.jpg,/kaggle/input/competitions/data-science-ara-7-0/dataset/dataset/train/mask/mask_465.png,train_465.jpg,mask_465.png,ara,0.21947028603165789,277,416
466,/kaggle/input/competitions/data-science-ara-7-0/dataset/dataset/train/images/train_466.jpg,/kaggle/input/competitions/data-science-ara-7-0/dataset/dataset/train/mask/mask_466.png,train_466.jpg,mask_466.png,ara,0.09214731585518103,300,534
467,/kaggle/input/competitions/data-science-ara-7-0/dataset/dataset/train/images/train_467.jpg,/kaggle/input/competitions/data-science-ara-7-0/dataset/dataset/train/mask/mask_467.png,train_467.jpg,mask_467.png,ara,0.3966444270015699,245,416
468,/kaggle/input/competitions/data-science-ara-7-0/dataset/dataset/train/images/train_468.jpg,/kaggle/input/competitions/data-science-ara-7-0/dataset/dataset/train/mask/mask_468.png,train_468.jpg,mask_468.png,ara,0.08458912037037038,720,720
469,/kaggle/input/competitions/data-science-ara-7-0/dataset/dataset/train/images/train_469.jpg,/kaggle/input/competitions/data-science-ara-7-0/dataset/dataset/train/mask/mask_469.png,train_469.jpg,mask_469.png,ara,0.61739375,400,800
470,/kaggle/input/competitions/data-science-ara-7-0/dataset/dataset/train/images/train_470.jpg,/kaggle/input/competitions/data-science-ara-7-0/dataset/dataset/train/mask/mask_470.png,train_470.jpg,mask_470.png,ara,0.04747082511505588,234,416
471,/kaggle/input/competitions/data-science-ara-7-0/dataset/dataset/train/images/train_471.jpg,/kaggle/input/competitions/data-science-ara-7-0/dataset/dataset/train/mask/mask_471.png,train_471.jpg,mask_471.png,ara,0.0644826594345825,234,416
472,/kaggle/input/competitions/data-science-ara-7-0/dataset/dataset/train/images/train_472.jpg,/kaggle/input/competitions/data-science-ara-7-0/dataset/dataset/train/mask/mask_472.png,train_472.jpg,mask_472.png,ara,0.0006231293320730939,2760,3680
473,/kaggle/input/competitions/data-science-ara-7-0/dataset/dataset/train/images/train_473.jpg,/kaggle/input/competitions/data-science-ara-7-0/dataset/dataset/train/mask/mask_473.png,train_473.jpg,mask_473.png,ara,0.3088312068540434,4160,3120
474,/kaggle/input/competitions/data-science-ara-7-0/dataset/dataset/train/images/train_474.jpg,/kaggle/input/competitions/data-science-ara-7-0/dataset/dataset/train/mask/mask_474.png,train_474.jpg,mask_474.png,ara,0.001345486111111111,360,640
475,/kaggle/input/competitions/data-science-ara-7-0/dataset/dataset/train/images/train_475.jpg,/kaggle/input/competitions/data-science-ara-7-0/dataset/dataset/train/mask/mask_475.png,train_475.jpg,mask_475.png,ara,0.005095207151858853,2760,3680
476,/kaggle/input/competitions/data-science-ara-7-0/dataset/dataset/train/images/train_476.jpg,/kaggle/input/competitions/data-science-ara-7-0/dataset/dataset/train/mask/mask_476.png,train_476.jpg,mask_476.png,ara,0.012918595679012346,720,720
477,/kaggle/input/competitions/data-science-ara-7-0/dataset/dataset/train/images/train_477.jpg,/kaggle/input/competitions/data-science-ara-7-0/dataset/dataset/train/mask/mask_477.png,train_477.jpg,mask_477.png,ara,0.3223758406081617,178,269
478,/kaggle/input/competitions/data-science-ara-7-0/dataset/dataset/train/images/train_478.jpg,/kaggle/input/competitions/data-science-ara-7-0/dataset/dataset/train/mask/mask_478.png,train_478.jpg,mask_478.png,ara,0.1534228515625,640,640
479,/kaggle/input/competitions/data-science-ara-7-0/dataset/dataset/train/images/train_479.jpg,/kaggle/input/competitions/data-science-ara-7-0/dataset/dataset/train/mask/mask_479.png,train_479.jpg,mask_479.png,ara,0.22441128883136094,4160,3120
480,/kaggle/input/competitions/data-science-ara-7-0/dataset/dataset/train/images/train_480.jpg,/kaggle/input/competitions/data-science-ara-7-0/dataset/dataset/train/mask/mask_480.png,train_480.jpg,mask_480.png,ara,0.045562823594674555,4160,3120
481,/kaggle/input/competitions/data-science-ara-7-0/dataset/dataset/train/images/train_481.jpg,/kaggle/input/competitions/data-science-ara-7-0/dataset/dataset/train/mask/mask_481.png,train_481.jpg,mask_481.png,ara,0.03156589003944773,312,416
482,/kaggle/input/competitions/data-science-ara-7-0/dataset/dataset/train/images/train_482.jpg,/kaggle/input/competitions/data-science-ara-7-0/dataset/dataset/train/mask/mask_482.png,train_482.jpg,mask_482.png,ara,0.07323333333333333,300,400
483,/kaggle/input/competitions/data-science-ara-7-0/dataset/dataset/train/images/train_483.jpg,/kaggle/input/competitions/data-science-ara-7-0/dataset/dataset/train/mask/mask_483.png,train_483.jpg,mask_483.png,ara,0.12179487179487179,234,416
484,/kaggle/input/competitions/data-science-ara-7-0/dataset/dataset/train/images/train_484.jpg,/kaggle/input/competitions/data-science-ara-7-0/dataset/dataset/train/mask/mask_484.png,train_484.jpg,mask_484.png,ara,0.0858179012345679,720,720
485,/kaggle/input/competitions/data-science-ara-7-0/dataset/dataset/train/images/train_485.jpg,/kaggle/input/competitions/data-science-ara-7-0/dataset/dataset/train/mask/mask_485.png,train_485.jpg,mask_485.png,ara,0.029308431952662722,312,416
486,/kaggle/input/competitions/data-science-ara-7-0/dataset/dataset/train/images/train_486.jpg,/kaggle/input/competitions/data-science-ara-7-0/dataset/dataset/train/mask/mask_486.png,train_486.jpg,mask_486.png,ara,0.002429013074984247,2760,3680
487,/kaggle/input/competitions/data-science-ara-7-0/dataset/dataset/train/images/train_487.jpg,/kaggle/input/competitions/data-science-ara-7-0/dataset/dataset/train/mask/mask_487.png,train_487.jpg,mask_487.png,ara,0.1653689381270903,276,416
488,/kaggle/input/competitions/data-science-ara-7-0/dataset/dataset/train/images/train_488.jpg,/kaggle/input/competitions/data-science-ara-7-0/dataset/dataset/train/mask/mask_488.png,train_488.jpg,mask_488.png,ara,0.12884068355522682,4160,3120
489,/kaggle/input/competitions/data-science-ara-7-0/dataset/dataset/train/images/train_489.jpg,/kaggle/input/competitions/data-science-ara-7-0/dataset/dataset/train/mask/mask_489.png,train_489.jpg,mask_489.png,ara,0.0055576101249178176,234,416
490,/kaggle/input/competitions/data-science-ara-7-0/dataset/dataset/train/images/train_490.jpg,/kaggle/input/competitions/data-science-ara-7-0/dataset/dataset/train/mask/mask_490.png,train_490.jpg,mask_490.png,ara,0.07739583333333333,720,720
491,/kaggle/input/competitions/data-science-ara-7-0/dataset/dataset/train/images/train_491.jpg,/kaggle/input/competitions/data-science-ara-7-0/dataset/dataset/train/mask/mask_491.png,train_491.jpg,mask_491.png,ara,0.10909763313609468,312,416
492,/kaggle/input/competitions/data-science-ara-7-0/dataset/dataset/train/images/train_492.jpg,/kaggle/input/competitions/data-science-ara-7-0/dataset/dataset/train/mask/mask_492.png,train_492.jpg,mask_492.png,ara,0.04988233024691358,720,720
493,/kaggle/input/competitions/data-science-ara-7-0/dataset/dataset/train/images/train_493.jpg,/kaggle/input/competitions/data-science-ara-7-0/dataset/dataset/train/mask/mask_493.png,train_493.jpg,mask_493.png,ara,0.004850937303087587,2760,3680
494,/kaggle/input/competitions/data-science-ara-7-0/dataset/dataset/train/images/train_494.jpg,/kaggle/input/competitions/data-science-ara-7-0/dataset/dataset/train/mask/mask_494.png,train_494.jpg,mask_494.png,ara,0.16975,400,300
495,/kaggle/input/competitions/data-science-ara-7-0/dataset/dataset/train/images/train_495.jpg,/kaggle/input/competitions/data-science-ara-7-0/dataset/dataset/train/mask/mask_495.png,train_495.jpg,mask_495.png,ara,0.5518162393162394,234,416
496,/kaggle/input/competitions/data-science-ara-7-0/dataset/dataset/train/images/train_496.jpg,/kaggle/input/competitions/data-science-ara-7-0/dataset/dataset/train/mask/mask_496.png,train_496.jpg,mask_496.png,ara,0.008480902777777778,360,640
497,/kaggle/input/competitions/data-science-ara-7-0/dataset/dataset/train/images/train_497.jpg,/kaggle/input/competitions/data-science-ara-7-0/dataset/dataset/train/mask/mask_497.png,train_497.jpg,mask_497.png,ara,0.3086333333333333,150,200
498,/kaggle/input/competitions/data-science-ara-7-0/dataset/dataset/train/images/train_498.jpg,/kaggle/input/competitions/data-science-ara-7-0/dataset/dataset/train/mask/mask_498.png,train_498.jpg,mask_498.png,ara,0.19132530120481928,249,400
499,/kaggle/input/competitions/data-science-ara-7-0/dataset/dataset/train/images/train_499.jpg,/kaggle/input/competitions/data-science-ara-7-0/dataset/dataset/train/mask/mask_499.png,train_499.jpg,mask_499.png,ara,0.09383089866863906,208,416
500,/kaggle/input/competitions/data-science-ara-7-0/dataset/dataset/train/images/train_500.jpg,/kaggle/input/competitions/data-science-ara-7-0/dataset/dataset/train/mask/mask_500.png,train_500.jpg,mask_500.png,ara,0.16452483000578705,3840,2880
